avg_waiting_time_s,avg_queue_length_veh,avg_travel_time_s,throughput_veh_in_first_hour,max_wait_any_vehicle_s,worst_approach_avg_wait_s,unfinished_veh,sim_end_time_s,emergency_count,emergency_avg_wait_s,emergency_max_wait_s,preemption_count,seed,mode
12.289103039288362,4.342818428184282,64.28191881918819,1335,67.0,13.03177966101695,0,3690.0,6,5.833333333333333,35.0,0,1,fixed
3.596738324684952,1.245293315143247,55.13357933579336,1335,36.0,3.8963414634146343,0,3665.0,6,0.0,0.0,2,1,adaptive_preempt
13.07035175879397,4.754758020663404,65.60228898426324,1370,82.0,14.46707818930041,0,3678.0,5,8.6,21.0,0,2,fixed
3.3230437903804737,1.1685823754789273,54.86409155937053,1377,40.0,3.477366255144033,0,3654.0,5,0.0,0.0,4,2,adaptive_preempt
12.398249452954047,4.442934782608695,64.18340611353712,1359,68.0,13.177606177606178,0,3680.0,3,11.666666666666666,35.0,0,3,fixed
3.4857768052516414,1.1934865900383143,54.946142649199416,1359,47.0,3.6196911196911197,0,3654.0,3,0.0,0.0,1,3,adaptive_preempt
11.99265785609398,4.322729744426319,63.89766081871345,1348,70.0,12.583673469387755,0,3678.0,6,3.3333333333333335,17.0,0,4,fixed
3.237885462555066,1.1384026258205688,54.458333333333336,1352,33.0,3.7142857142857144,0,3656.0,6,0.0,0.0,3,4,adaptive_preempt
13.147189349112425,4.7270505160239,65.21418020679468,1330,67.0,13.76878612716763,0,3682.0,2,39.5,43.0,0,5,fixed
3.4940828402366866,1.199288256227758,54.74889217134417,1328,37.0,3.642543859649123,0,3653.0,2,0.0,0.0,1,5,adaptive_preempt
13.047272727272727,4.755307566684812,65.34902244750181,1366,65.0,14.512572533849129,0,3674.0,6,10.666666666666666,32.0,0,6,fixed
3.319272727272727,1.1635012386457473,54.65170166545981,1367,31.0,3.3481624758220505,0,3633.0,6,0.0,0.0,4,6,adaptive_preempt
13.317124735729386,4.94069640914037,65.91584852734923,1407,72.0,14.368209255533198,0,3676.0,7,2.857142857142857,15.0,0,7,fixed
3.3925299506694855,1.2271855302822692,54.73492286115007,1408,36.0,3.5973282442748094,0,3649.0,7,0.0,0.0,3,7,adaptive_preempt
13.066381156316917,4.821195652173913,65.66312056737588,1384,73.0,14.529750479846449,0,3680.0,9,10.222222222222221,39.0,0,8,fixed
3.336188436830835,1.1774678698386656,54.751063829787235,1389,29.0,3.6353591160220993,0,3657.0,9,0.0,0.0,3,8,adaptive_preempt
12.933333333333334,4.596844396082699,65.05917159763314,1332,77.0,13.786324786324787,0,3676.0,2,0.0,0.0,0,9,fixed
3.383703703703704,1.1511086777990693,54.80695266272189,1332,27.0,3.4743589743589745,0,3653.0,2,0.0,0.0,1,9,adaptive_preempt
12.687677053824363,4.7480957562568005,64.96405919661734,1398,66.0,13.732809430255402,0,3676.0,7,15.571428571428571,41.0,0,10,fixed
3.551699716713881,1.2801641586867305,55.11134601832276,1397,29.0,3.660919540229885,0,3655.0,7,0.0,0.0,4,10,adaptive_preempt
