avg_waiting_time_s,avg_queue_length_veh,avg_travel_time_s,throughput_veh_in_first_hour,max_wait_any_vehicle_s,worst_approach_avg_wait_s,unfinished_veh,sim_end_time_s,scenario,seed,mode
11.707711442786069,2.520555404301661,63.02985074626866,793,48.0,12.721393034825871,0,3673.0,light_balanced,1,fixed
3.2587064676616917,0.6794415548863948,54.3818407960199,793,22.0,3.6018099547511313,0,3653.0,light_balanced,1,adaptive
12.584816132858837,2.849400871459695,64.2467378410439,831,50.0,13.106481481481481,0,3672.0,light_balanced,2,fixed
2.8967971530249113,0.6415456289394355,54.26571767497035,833,16.0,3.1088082901554404,0,3649.0,light_balanced,2,adaptive
10.968421052631578,2.2230685527747553,61.935526315789474,747,51.0,11.316326530612244,0,3676.0,light_balanced,3,fixed
2.781578947368421,0.5551903588058066,53.627631578947366,748,21.0,3.0816326530612246,0,3651.0,light_balanced,3,adaptive
12.267314702308626,2.7163081949360195,63.506682867557714,809,55.0,13.727272727272727,0,3673.0,light_balanced,4,fixed
2.7922235722964763,0.6102578167855184,53.45565006075334,809,21.0,3.0194174757281553,0,3646.0,light_balanced,4,adaptive
11.208281053952321,2.3862275449101795,62.33124215809285,782,61.0,12.326530612244898,0,3674.0,light_balanced,5,fixed
3.06900878293601,0.6358650945983,54.04015056461731,784,17.0,3.5153061224489797,0,3647.0,light_balanced,5,adaptive
12.570789865871832,4.452866069002988,64.62593144560358,1318,58.0,13.609071274298056,0,3681.0,lopsided,1,fixed
3.634128166915052,1.2420765027322405,55.25931445603577,1318,35.0,3.862559241706161,0,3660.0,lopsided,1,adaptive
13.330668604651162,4.838175400488732,65.88953488372093,1353,74.0,14.466244725738397,0,3683.0,lopsided,2,fixed
3.464389534883721,1.2202835332606325,55.210029069767444,1355,28.0,3.6561181434599157,0,3668.0,lopsided,2,adaptive
12.067018072289157,4.1695652173913045,64.14984939759036,1304,109.0,13.353634577603144,0,3680.0,lopsided,3,fixed
3.2055722891566263,1.0725431152477416,54.51430722891566,1305,29.0,3.3948919449901767,0,3653.0,lopsided,3,adaptive
12.951133144475921,4.852909189777053,65.05878186968839,1392,56.0,13.475247524752476,0,3678.0,lopsided,4,fixed
3.5325779036827196,1.2954048140043763,55.081444759206796,1392,33.0,3.6885245901639343,0,3656.0,lopsided,4,adaptive
12.340925789860396,4.423756455558576,64.43203526818516,1337,67.0,13.934156378600823,0,3679.0,lopsided,5,fixed
3.428361498897869,1.1823641823641824,54.81337252020573,1338,34.0,3.8395061728395063,0,3663.0,lopsided,5,adaptive
15.827679259830377,10.589736627749117,70.0277563608327,2547,136.0,17.554502369668246,0,3683.0,heavy_balanced,1,fixed
5.533924441017733,3.6310759148006553,58.95412490362375,2553,54.0,5.957345971563981,0,3662.0,heavy_balanced,1,adaptive
18.532633158289574,12.709090909090909,73.80682670667667,2615,206.0,22.051966292134832,0,3685.0,heavy_balanced,2,fixed
6.0266316579144785,4.074276351720371,59.875843960990245,2623,63.0,7.192415730337078,0,3662.0,heavy_balanced,2,adaptive
16.204754601226995,10.761117136659436,70.41526073619632,2555,135.0,17.32882882882883,0,3688.0,heavy_balanced,3,fixed
5.082438650306749,3.3360611020185487,58.05061349693251,2565,47.0,5.750759878419453,0,3666.0,heavy_balanced,3,adaptive
16.16426949280848,10.943375778921702,70.09197577592732,2595,153.0,18.32928679817906,0,3691.0,heavy_balanced,4,fixed
5.301665404996215,3.538188761593017,58.41218773656321,2598,52.0,5.628571428571429,0,3666.0,heavy_balanced,4,adaptive
16.615294576667967,10.964645091106881,70.73195474053843,2508,200.0,18.576985413290114,0,3677.0,heavy_balanced,5,fixed
5.546625048770972,3.591318591318591,58.83183769020679,2520,58.0,6.06482982171799,0,3663.0,heavy_balanced,5,adaptive
16.1077806122449,6.492399565689468,70.08035714285714,1546,162.0,17.356223175965667,0,3684.0,extreme_lopsided,1,fixed
3.207908163265306,1.2452107279693487,54.63711734693877,1541,48.0,3.6597938144329896,0,3654.0,extreme_lopsided,1,adaptive
15.720450281425892,6.509239130434783,70.03502188868042,1569,116.0,16.71407624633431,0,3680.0,extreme_lopsided,2,fixed
3.7010631644777985,1.4473972602739726,55.71294559099437,1569,44.0,4.055045871559633,0,3650.0,extreme_lopsided,2,adaptive
27.711990111248454,11.518388318009736,84.78739184177998,1577,358.0,32.83730715287518,0,3698.0,extreme_lopsided,3,fixed
4.022867737948084,1.535004086080087,55.69777503090235,1589,77.0,5.989473684210527,0,3671.0,extreme_lopsided,3,adaptive
18.142422398052343,7.739826370048833,72.9184418746196,1618,326.0,20.437241379310343,0,3686.0,extreme_lopsided,4,fixed
3.388314059646987,1.3644322845417236,54.88557516737675,1620,34.0,3.8073394495412844,0,3655.0,extreme_lopsided,4,adaptive
16.2590206185567,6.51046480021745,70.16172680412372,1531,146.0,19.121076233183857,0,3679.0,extreme_lopsided,5,fixed
3.551546391752577,1.3204389574759945,54.93943298969072,1537,72.0,4.157894736842105,0,3645.0,extreme_lopsided,5,adaptive
