,,avg_waiting_time_s,avg_waiting_time_s,avg_queue_length_veh,avg_queue_length_veh,avg_travel_time_s,avg_travel_time_s,throughput_veh_in_first_hour,throughput_veh_in_first_hour,max_wait_any_vehicle_s,max_wait_any_vehicle_s,worst_approach_avg_wait_s,worst_approach_avg_wait_s,unfinished_veh,unfinished_veh
,,mean,std,mean,std,mean,std,mean,std,mean,std,mean,std,mean,std
scenario,mode,,,,,,,,,,,,,,
extreme_lopsided,adaptive,3.57,0.31,1.38,0.11,55.17,0.5,1571.2,34.59,55.0,18.6,4.33,0.95,0.0,0.0
extreme_lopsided,fixed,18.79,5.08,7.75,2.17,73.6,6.37,1568.2,33.3,221.6,111.72,21.29,6.62,0.0,0.0
heavy_balanced,adaptive,5.5,0.35,3.63,0.27,58.82,0.69,2571.8,39.97,54.8,6.06,6.12,0.62,0.0,0.0
heavy_balanced,fixed,16.67,1.08,11.19,0.86,71.01,1.59,2564.0,42.04,166.0,34.59,18.77,1.91,0.0,0.0
light_balanced,adaptive,2.96,0.2,0.62,0.05,53.95,0.4,793.4,31.47,19.4,2.7,3.27,0.27,0.0,0.0
light_balanced,fixed,11.75,0.68,2.54,0.25,63.01,0.92,792.4,31.37,53.0,5.15,12.64,0.9,0.0,0.0
lopsided,adaptive,3.45,0.16,1.2,0.08,54.98,0.31,1341.6,34.02,31.8,3.11,3.69,0.19,0.0,0.0
lopsided,fixed,12.65,0.5,4.55,0.29,64.83,0.68,1340.8,34.13,72.8,21.49,13.77,0.45,0.0,0.0
