time,left0A0,right0A0,top0A0,bottom0A0,total_queue
1.0,0,0,0,0,0
2.0,0,0,0,0,0
3.0,0,0,0,0,0
4.0,0,0,0,0,0
5.0,0,0,0,0,0
6.0,0,0,0,0,0
7.0,0,0,0,0,0
8.0,0,0,0,0,0
9.0,0,0,0,0,0
10.0,0,0,0,0,0
11.0,0,0,0,0,0
12.0,0,0,0,0,0
13.0,0,0,0,0,0
14.0,0,0,0,0,0
15.0,0,0,0,0,0
16.0,0,0,0,0,0
17.0,0,0,0,0,0
18.0,0,0,0,0,0
19.0,0,0,0,0,0
20.0,0,0,0,0,0
21.0,0,0,0,0,0
22.0,0,0,0,0,0
23.0,0,0,0,0,0
24.0,0,0,0,0,0
25.0,0,0,0,0,0
26.0,1,0,0,0,1
27.0,1,0,0,0,1
28.0,2,1,0,0,3
29.0,3,2,0,0,5
30.0,3,2,0,0,5
31.0,3,3,0,0,6
32.0,3,3,0,0,6
33.0,3,3,0,0,6
34.0,3,3,0,0,6
35.0,3,3,0,0,6
36.0,3,4,0,0,7
37.0,3,4,0,0,7
38.0,3,4,0,0,7
39.0,3,4,0,0,7
40.0,3,4,0,0,7
41.0,3,4,0,0,7
42.0,4,4,0,0,8
43.0,4,4,0,0,8
44.0,4,4,0,0,8
45.0,4,4,0,0,8
46.0,2,2,0,0,4
47.0,1,1,0,0,2
48.0,0,0,0,0,0
49.0,0,0,0,0,0
50.0,0,1,0,0,1
51.0,1,1,0,0,2
52.0,1,1,0,0,2
53.0,1,0,0,0,1
54.0,1,0,0,0,1
55.0,1,0,0,0,1
56.0,0,0,0,0,0
57.0,0,0,1,0,1
58.0,0,1,1,0,2
59.0,0,0,1,1,2
60.0,0,0,1,1,2
61.0,0,0,1,1,2
62.0,0,0,1,1,2
63.0,0,0,1,1,2
64.0,0,0,1,1,2
65.0,0,0,1,1,2
66.0,0,0,1,1,2
67.0,0,0,1,1,2
68.0,0,0,1,1,2
69.0,0,0,1,1,2
70.0,0,0,1,1,2
71.0,0,0,1,1,2
72.0,0,0,1,1,2
73.0,0,0,1,1,2
74.0,0,0,1,1,2
75.0,0,0,1,1,2
76.0,0,0,1,1,2
77.0,0,0,1,1,2
78.0,0,0,1,1,2
79.0,0,0,1,1,2
80.0,0,0,1,1,2
81.0,0,0,1,1,2
82.0,0,0,1,1,2
83.0,0,0,1,1,2
84.0,0,0,1,1,2
85.0,0,0,2,1,3
86.0,0,0,2,1,3
87.0,0,0,2,2,4
88.0,0,0,2,2,4
89.0,0,0,2,2,4
90.0,0,0,2,2,4
91.0,0,0,0,0,0
92.0,0,0,0,0,0
93.0,0,0,0,0,0
94.0,0,0,0,0,0
95.0,0,0,0,0,0
96.0,0,0,0,0,0
97.0,0,0,0,0,0
98.0,0,0,0,0,0
99.0,0,1,0,0,1
100.0,0,1,0,0,1
101.0,0,1,0,0,1
102.0,0,1,0,0,1
103.0,0,1,0,0,1
104.0,0,1,0,0,1
105.0,1,1,0,0,2
106.0,1,1,0,0,2
107.0,1,1,0,0,2
108.0,1,1,0,0,2
109.0,2,1,0,0,3
110.0,2,2,0,0,4
111.0,2,2,0,0,4
112.0,2,2,0,0,4
113.0,2,2,0,0,4
114.0,2,2,0,0,4
115.0,3,3,0,0,6
116.0,3,3,0,0,6
117.0,3,3,0,0,6
118.0,3,3,0,0,6
119.0,3,3,0,0,6
120.0,4,3,0,0,7
121.0,4,3,0,0,7
122.0,4,3,0,0,7
123.0,4,3,0,0,7
124.0,4,4,0,0,8
125.0,4,4,0,0,8
126.0,4,4,0,0,8
127.0,5,4,0,0,9
128.0,5,4,0,0,9
129.0,5,5,0,0,10
130.0,5,5,0,0,10
131.0,5,5,0,0,10
132.0,5,5,0,0,10
133.0,5,5,0,0,10
134.0,5,5,0,0,10
135.0,5,5,0,0,10
136.0,3,3,0,0,6
137.0,1,1,0,0,2
138.0,0,0,0,0,0
139.0,0,0,0,0,0
140.0,0,0,0,0,0
141.0,0,0,0,0,0
142.0,0,0,0,0,0
143.0,0,0,0,0,0
144.0,0,0,0,0,0
145.0,0,0,1,0,1
146.0,0,0,2,1,3
147.0,0,0,2,1,3
148.0,0,0,2,1,3
149.0,0,0,2,2,4
150.0,0,0,2,2,4
151.0,0,0,2,2,4
152.0,0,0,2,2,4
153.0,0,0,2,2,4
154.0,0,0,2,2,4
155.0,0,0,2,2,4
156.0,0,0,2,2,4
157.0,0,0,2,2,4
158.0,0,0,2,2,4
159.0,0,0,2,2,4
160.0,0,0,2,2,4
161.0,0,0,2,2,4
162.0,0,0,2,2,4
163.0,0,0,2,2,4
164.0,0,0,2,2,4
165.0,0,0,2,2,4
166.0,0,0,2,2,4
167.0,0,0,2,2,4
168.0,0,0,2,2,4
169.0,0,0,2,2,4
170.0,0,0,2,2,4
171.0,0,0,2,2,4
172.0,0,0,2,2,4
173.0,0,0,2,2,4
174.0,0,0,2,2,4
175.0,0,0,2,3,5
176.0,0,0,2,3,5
177.0,0,0,2,3,5
178.0,0,0,3,3,6
179.0,0,0,3,3,6
180.0,0,0,3,3,6
181.0,0,0,1,1,2
182.0,0,0,0,0,0
183.0,0,0,0,0,0
184.0,0,0,0,0,0
185.0,0,0,0,0,0
186.0,0,0,0,0,0
187.0,0,0,0,1,1
188.0,0,0,0,0,0
189.0,0,0,0,0,0
190.0,0,1,0,0,1
191.0,0,1,0,0,1
192.0,1,1,0,0,2
193.0,1,1,0,0,2
194.0,1,1,0,0,2
195.0,1,1,0,0,2
196.0,1,1,0,0,2
197.0,1,1,0,0,2
198.0,1,1,0,0,2
199.0,1,1,0,0,2
200.0,1,1,0,0,2
201.0,2,2,0,0,4
202.0,2,2,0,0,4
203.0,2,2,0,0,4
204.0,2,2,0,0,4
205.0,4,4,0,0,8
206.0,4,4,0,0,8
207.0,4,4,0,0,8
208.0,4,4,0,0,8
209.0,4,4,0,0,8
210.0,4,4,0,0,8
211.0,5,4,0,0,9
212.0,5,4,0,0,9
213.0,5,4,0,0,9
214.0,5,4,0,0,9
215.0,5,5,0,0,10
216.0,5,5,0,0,10
217.0,5,5,0,0,10
218.0,5,5,0,0,10
219.0,5,5,0,0,10
220.0,5,5,0,0,10
221.0,5,6,0,0,11
222.0,5,6,0,0,11
223.0,5,6,0,0,11
224.0,5,6,0,0,11
225.0,5,6,0,0,11
226.0,3,4,0,0,7
227.0,1,2,0,0,3
228.0,0,0,0,0,0
229.0,0,0,0,0,0
230.0,0,0,0,0,0
231.0,0,0,0,0,0
232.0,0,0,0,0,0
233.0,1,0,0,0,1
234.0,1,1,0,0,2
235.0,0,1,0,1,2
236.0,0,1,1,1,3
237.0,0,1,1,1,3
238.0,0,1,1,1,3
239.0,0,1,1,1,3
240.0,1,1,1,1,4
241.0,0,1,1,1,3
242.0,0,0,1,1,2
243.0,0,0,1,1,2
244.0,0,0,1,1,2
245.0,0,0,1,1,2
246.0,0,0,1,1,2
247.0,0,0,1,1,2
248.0,0,0,1,1,2
249.0,0,0,1,1,2
250.0,0,0,1,1,2
251.0,0,0,1,1,2
252.0,0,0,1,1,2
253.0,0,0,1,1,2
254.0,0,0,1,1,2
255.0,0,0,1,1,2
256.0,0,0,1,1,2
257.0,0,0,1,1,2
258.0,0,0,1,1,2
259.0,0,0,1,1,2
260.0,0,0,1,1,2
261.0,0,0,1,1,2
262.0,0,0,1,1,2
263.0,0,0,1,1,2
264.0,0,0,1,1,2
265.0,0,0,1,2,3
266.0,0,0,2,2,4
267.0,0,0,2,2,4
268.0,0,0,3,2,5
269.0,0,0,3,2,5
270.0,0,0,3,2,5
271.0,0,0,1,0,1
272.0,0,0,0,0,0
273.0,0,0,0,0,0
274.0,0,0,0,0,0
275.0,0,1,0,0,1
276.0,0,1,0,0,1
277.0,1,1,0,0,2
278.0,1,1,0,0,2
279.0,1,1,0,0,2
280.0,1,1,0,0,2
281.0,1,1,0,0,2
282.0,1,1,0,0,2
283.0,1,1,0,0,2
284.0,1,1,0,0,2
285.0,1,1,0,0,2
286.0,2,2,0,0,4
287.0,2,2,0,0,4
288.0,2,2,0,0,4
289.0,2,2,0,0,4
290.0,2,2,0,0,4
291.0,2,2,0,0,4
292.0,2,2,0,0,4
293.0,2,2,0,0,4
294.0,2,2,0,0,4
295.0,3,3,0,0,6
296.0,3,3,0,0,6
297.0,3,3,0,0,6
298.0,4,4,0,0,8
299.0,4,4,0,0,8
300.0,4,4,0,0,8
301.0,4,4,0,0,8
302.0,4,4,0,0,8
303.0,4,5,0,0,9
304.0,4,5,0,0,9
305.0,4,5,0,0,9
306.0,4,5,0,0,9
307.0,5,5,0,0,10
308.0,5,5,0,0,10
309.0,5,5,0,0,10
310.0,5,5,0,0,10
311.0,5,5,0,0,10
312.0,5,5,0,0,10
313.0,5,5,0,0,10
314.0,5,5,0,0,10
315.0,5,5,0,0,10
316.0,4,4,0,0,8
317.0,2,2,0,0,4
318.0,0,0,0,0,0
319.0,0,0,0,0,0
320.0,0,0,0,0,0
321.0,0,0,0,0,0
322.0,0,0,0,0,0
323.0,0,0,0,0,0
324.0,0,0,0,0,0
325.0,0,0,0,0,0
326.0,0,0,0,0,0
327.0,0,0,1,1,2
328.0,0,0,1,1,2
329.0,0,0,1,1,2
330.0,0,0,1,1,2
331.0,0,0,1,1,2
332.0,0,0,1,1,2
333.0,0,0,1,1,2
334.0,0,0,1,1,2
335.0,0,0,1,1,2
336.0,0,0,1,1,2
337.0,0,0,1,1,2
338.0,0,0,1,1,2
339.0,0,0,1,1,2
340.0,0,0,1,1,2
341.0,0,0,1,1,2
342.0,0,0,1,1,2
343.0,0,0,1,1,2
344.0,0,0,1,1,2
345.0,0,0,1,1,2
346.0,0,0,1,1,2
347.0,0,0,1,1,2
348.0,0,0,1,1,2
349.0,0,0,1,1,2
350.0,0,0,1,1,2
351.0,0,0,1,1,2
352.0,0,0,1,1,2
353.0,0,0,1,1,2
354.0,0,0,1,1,2
355.0,0,0,1,1,2
356.0,0,0,1,2,3
357.0,0,0,2,2,4
358.0,0,0,2,2,4
359.0,0,0,2,2,4
360.0,0,0,2,2,4
361.0,0,0,0,0,0
362.0,0,0,0,0,0
363.0,0,0,0,0,0
364.0,0,0,0,0,0
365.0,0,0,0,0,0
366.0,0,0,0,0,0
367.0,0,1,0,0,1
368.0,1,1,0,0,2
369.0,1,1,0,0,2
370.0,1,1,0,0,2
371.0,1,1,0,0,2
372.0,1,1,0,0,2
373.0,1,1,0,0,2
374.0,1,1,0,0,2
375.0,1,1,0,0,2
376.0,2,1,0,0,3
377.0,2,1,0,0,3
378.0,2,1,0,0,3
379.0,2,1,0,0,3
380.0,2,1,0,0,3
381.0,2,1,0,0,3
382.0,2,1,0,0,3
383.0,2,1,0,0,3
384.0,2,3,0,0,5
385.0,2,3,0,0,5
386.0,2,3,0,0,5
387.0,3,4,0,0,7
388.0,4,4,0,0,8
389.0,4,5,0,0,9
390.0,5,5,0,0,10
391.0,5,5,0,0,10
392.0,5,5,0,0,10
393.0,5,5,0,0,10
394.0,5,5,0,0,10
395.0,5,5,0,0,10
396.0,5,5,0,0,10
397.0,5,6,0,0,11
398.0,6,6,0,0,12
399.0,6,6,0,0,12
400.0,6,6,0,0,12
401.0,6,6,0,0,12
402.0,6,6,0,0,12
403.0,6,6,0,0,12
404.0,6,6,0,0,12
405.0,7,7,0,0,14
406.0,5,5,0,0,10
407.0,3,3,0,0,6
408.0,1,1,0,0,2
409.0,0,0,0,0,0
410.0,0,0,0,0,0
411.0,0,0,0,0,0
412.0,0,0,0,0,0
413.0,1,0,0,0,1
414.0,1,0,0,0,1
415.0,1,0,0,0,1
416.0,1,0,0,0,1
417.0,1,0,1,1,3
418.0,1,0,1,1,3
419.0,0,0,1,1,2
420.0,0,0,1,1,2
421.0,0,0,1,1,2
422.0,0,0,1,1,2
423.0,0,0,1,1,2
424.0,0,0,1,1,2
425.0,0,0,1,1,2
426.0,0,0,1,1,2
427.0,0,0,1,1,2
428.0,0,0,1,1,2
429.0,0,0,1,1,2
430.0,0,0,1,1,2
431.0,0,0,1,1,2
432.0,0,0,1,1,2
433.0,0,0,1,1,2
434.0,0,0,1,1,2
435.0,0,0,1,1,2
436.0,0,0,1,1,2
437.0,0,0,1,1,2
438.0,0,0,1,1,2
439.0,0,0,1,1,2
440.0,0,0,1,1,2
441.0,0,0,1,1,2
442.0,0,0,1,1,2
443.0,0,0,1,1,2
444.0,0,0,1,1,2
445.0,0,0,1,1,2
446.0,0,0,2,2,4
447.0,0,0,2,2,4
448.0,0,0,2,2,4
449.0,0,0,2,2,4
450.0,0,0,2,2,4
451.0,0,0,0,0,0
452.0,0,0,0,0,0
453.0,0,0,0,0,0
454.0,0,0,0,0,0
455.0,0,0,0,0,0
456.0,0,0,0,0,0
457.0,0,0,0,0,0
458.0,0,0,0,0,0
459.0,0,0,0,0,0
460.0,0,0,0,0,0
461.0,0,1,0,0,1
462.0,0,1,0,0,1
463.0,1,1,0,0,2
464.0,1,1,0,0,2
465.0,1,1,0,0,2
466.0,1,1,0,0,2
467.0,1,1,0,0,2
468.0,1,1,0,0,2
469.0,1,1,0,0,2
470.0,1,1,0,0,2
471.0,1,1,0,0,2
472.0,1,1,0,0,2
473.0,2,1,0,0,3
474.0,2,1,0,0,3
475.0,2,1,0,0,3
476.0,3,2,0,0,5
477.0,3,3,0,0,6
478.0,4,3,0,0,7
479.0,4,3,0,0,7
480.0,4,3,0,0,7
481.0,4,3,0,0,7
482.0,4,3,0,0,7
483.0,4,4,0,0,8
484.0,4,4,0,0,8
485.0,4,4,0,0,8
486.0,4,4,0,0,8
487.0,4,4,0,0,8
488.0,4,4,0,0,8
489.0,4,5,0,0,9
490.0,5,5,0,0,10
491.0,5,5,0,0,10
492.0,5,5,0,0,10
493.0,5,5,0,0,10
494.0,5,5,0,0,10
495.0,5,5,0,0,10
496.0,3,3,0,0,6
497.0,1,1,0,0,2
498.0,0,0,0,0,0
499.0,0,0,0,0,0
500.0,0,0,0,0,0
501.0,0,0,0,0,0
502.0,0,0,0,0,0
503.0,0,0,0,0,0
504.0,0,0,0,0,0
505.0,0,0,0,0,0
506.0,0,0,0,1,1
507.0,0,0,0,1,1
508.0,0,0,1,1,2
509.0,0,0,2,1,3
510.0,0,0,2,1,3
511.0,0,0,2,2,4
512.0,0,0,2,2,4
513.0,0,0,2,2,4
514.0,0,0,2,2,4
515.0,0,0,2,2,4
516.0,0,0,2,2,4
517.0,0,0,2,2,4
518.0,0,0,2,2,4
519.0,0,0,2,2,4
520.0,0,0,2,2,4
521.0,0,0,2,2,4
522.0,0,0,2,2,4
523.0,0,0,2,2,4
524.0,0,0,2,2,4
525.0,0,0,2,2,4
526.0,0,0,2,2,4
527.0,0,0,2,2,4
528.0,0,0,2,2,4
529.0,0,0,2,2,4
530.0,0,0,2,2,4
531.0,0,0,2,2,4
532.0,0,0,2,2,4
533.0,0,0,2,2,4
534.0,0,0,2,2,4
535.0,0,0,2,3,5
536.0,0,0,3,3,6
537.0,0,0,3,3,6
538.0,0,0,3,3,6
539.0,0,0,3,3,6
540.0,0,0,3,3,6
541.0,0,0,1,1,2
542.0,0,0,0,0,0
543.0,0,0,0,0,0
544.0,0,0,0,0,0
545.0,0,0,0,0,0
546.0,0,0,1,0,1
547.0,0,0,1,0,1
548.0,0,0,0,0,0
549.0,0,0,0,0,0
550.0,0,0,0,0,0
551.0,0,0,0,0,0
552.0,0,0,0,0,0
553.0,0,0,0,0,0
554.0,0,1,0,0,1
555.0,0,1,0,0,1
556.0,0,1,0,0,1
557.0,1,1,0,0,2
558.0,1,1,0,0,2
559.0,1,1,0,0,2
560.0,1,2,0,0,3
561.0,2,2,0,0,4
562.0,2,2,0,0,4
563.0,2,2,0,0,4
564.0,2,3,0,0,5
565.0,3,4,0,0,7
566.0,4,4,0,0,8
567.0,4,4,0,0,8
568.0,4,4,0,0,8
569.0,4,4,0,0,8
570.0,4,5,0,0,9
571.0,4,5,0,0,9
572.0,4,5,0,0,9
573.0,5,5,0,0,10
574.0,5,5,0,0,10
575.0,5,5,0,0,10
576.0,5,5,0,0,10
577.0,5,5,0,0,10
578.0,5,5,0,0,10
579.0,5,5,0,0,10
580.0,5,5,0,0,10
581.0,5,6,0,0,11
582.0,5,6,0,0,11
583.0,6,6,0,0,12
584.0,6,6,0,0,12
585.0,6,6,0,0,12
586.0,4,4,0,0,8
587.0,2,2,0,0,4
588.0,0,0,0,0,0
589.0,0,0,0,0,0
590.0,0,0,0,0,0
591.0,0,0,0,0,0
592.0,0,0,0,0,0
593.0,0,0,0,0,0
594.0,1,0,0,0,1
595.0,1,0,0,0,1
596.0,1,0,1,1,3
597.0,0,0,1,1,2
598.0,0,0,1,1,2
599.0,0,0,1,1,2
600.0,0,0,1,1,2
601.0,0,0,1,1,2
602.0,0,0,1,1,2
603.0,0,0,1,1,2
604.0,0,0,1,1,2
605.0,0,0,1,1,2
606.0,0,0,1,1,2
607.0,0,0,1,1,2
608.0,0,0,1,1,2
609.0,0,0,1,1,2
610.0,0,0,1,1,2
611.0,0,0,1,1,2
612.0,0,0,1,1,2
613.0,0,0,1,1,2
614.0,0,0,1,1,2
615.0,0,0,1,1,2
616.0,0,0,1,1,2
617.0,0,0,1,1,2
618.0,0,0,1,1,2
619.0,0,0,1,1,2
620.0,0,0,1,1,2
621.0,0,0,1,1,2
622.0,0,0,1,1,2
623.0,0,0,1,1,2
624.0,0,0,1,1,2
625.0,0,0,1,1,2
626.0,0,0,2,1,3
627.0,0,0,2,1,3
628.0,0,0,3,1,4
629.0,0,0,3,1,4
630.0,0,0,3,1,4
631.0,0,0,1,0,1
632.0,0,0,0,0,0
633.0,0,1,0,0,1
634.0,0,1,0,0,1
635.0,1,1,0,0,2
636.0,1,1,0,0,2
637.0,1,1,0,0,2
638.0,1,1,0,0,2
639.0,1,1,0,0,2
640.0,1,1,0,0,2
641.0,1,1,0,0,2
642.0,1,1,0,0,2
643.0,1,1,0,0,2
644.0,2,2,0,0,4
645.0,2,2,0,0,4
646.0,2,2,0,0,4
647.0,2,2,0,0,4
648.0,2,2,0,0,4
649.0,2,2,0,0,4
650.0,2,2,0,0,4
651.0,2,2,0,0,4
652.0,2,2,0,0,4
653.0,2,2,0,0,4
654.0,2,2,0,0,4
655.0,2,3,0,0,5
656.0,2,3,0,0,5
657.0,3,4,0,0,7
658.0,4,4,0,0,8
659.0,4,4,0,0,8
660.0,4,4,0,0,8
661.0,4,4,0,0,8
662.0,4,4,0,0,8
663.0,5,5,0,0,10
664.0,5,5,0,0,10
665.0,5,5,0,0,10
666.0,5,5,0,0,10
667.0,5,5,0,0,10
668.0,5,5,0,0,10
669.0,5,5,0,0,10
670.0,5,5,0,0,10
671.0,5,5,0,0,10
672.0,5,5,0,0,10
673.0,5,5,0,0,10
674.0,6,5,0,0,11
675.0,6,5,0,0,11
676.0,4,3,0,0,7
677.0,2,1,0,0,3
678.0,0,0,0,0,0
679.0,0,0,0,0,0
680.0,0,0,0,0,0
681.0,0,0,0,0,0
682.0,0,0,0,0,0
683.0,0,0,0,0,0
684.0,0,0,0,0,0
685.0,0,0,0,0,0
686.0,0,0,1,0,1
687.0,0,0,1,1,2
688.0,0,0,1,1,2
689.0,0,0,1,1,2
690.0,0,0,1,1,2
691.0,0,0,1,1,2
692.0,0,0,1,1,2
693.0,0,0,1,1,2
694.0,0,0,1,1,2
695.0,0,0,1,1,2
696.0,0,0,1,1,2
697.0,0,0,1,1,2
698.0,0,0,1,1,2
699.0,0,0,1,1,2
700.0,0,0,1,1,2
701.0,0,0,1,1,2
702.0,0,0,1,1,2
703.0,0,0,1,1,2
704.0,0,0,1,1,2
705.0,0,0,1,1,2
706.0,0,0,1,1,2
707.0,0,0,1,1,2
708.0,0,0,1,1,2
709.0,0,0,1,1,2
710.0,0,0,1,1,2
711.0,0,0,1,1,2
712.0,0,0,1,1,2
713.0,0,0,1,1,2
714.0,0,0,1,1,2
715.0,0,0,1,1,2
716.0,0,0,2,2,4
717.0,0,0,2,2,4
718.0,0,0,2,2,4
719.0,0,0,2,2,4
720.0,0,0,2,2,4
721.0,0,0,0,0,0
722.0,0,0,0,0,0
723.0,0,0,0,0,0
724.0,0,0,0,0,0
725.0,0,0,0,0,0
726.0,1,0,0,0,1
727.0,1,0,0,0,1
728.0,1,0,0,0,1
729.0,1,0,0,0,1
730.0,1,1,0,0,2
731.0,1,1,0,0,2
732.0,1,1,0,0,2
733.0,1,1,0,0,2
734.0,1,1,0,0,2
735.0,1,2,0,0,3
736.0,2,2,0,0,4
737.0,2,2,0,0,4
738.0,2,2,0,0,4
739.0,2,2,0,0,4
740.0,2,2,0,0,4
741.0,2,2,0,0,4
742.0,2,2,0,0,4
743.0,2,2,0,0,4
744.0,2,2,0,0,4
745.0,2,3,0,0,5
746.0,3,4,0,0,7
747.0,3,5,0,0,8
748.0,4,5,0,0,9
749.0,4,5,0,0,9
750.0,5,5,0,0,10
751.0,5,5,0,0,10
752.0,5,5,0,0,10
753.0,5,5,0,0,10
754.0,5,5,0,0,10
755.0,5,5,0,0,10
756.0,5,5,0,0,10
757.0,6,5,0,0,11
758.0,6,5,0,0,11
759.0,6,5,0,0,11
760.0,6,5,0,0,11
761.0,6,6,0,0,12
762.0,6,6,0,0,12
763.0,6,6,0,0,12
764.0,6,6,0,0,12
765.0,6,6,0,0,12
766.0,5,5,0,0,10
767.0,3,3,0,0,6
768.0,1,1,0,0,2
769.0,0,0,0,0,0
770.0,0,0,0,0,0
771.0,0,0,0,0,0
772.0,0,0,0,0,0
773.0,0,0,0,0,0
774.0,0,1,0,0,1
775.0,0,1,0,0,1
776.0,1,1,0,0,2
777.0,1,1,0,1,3
778.0,1,1,0,1,3
779.0,1,1,0,1,3
780.0,0,0,0,1,1
781.0,0,0,1,1,2
782.0,0,0,1,1,2
783.0,0,0,1,1,2
784.0,0,0,1,1,2
785.0,0,0,1,1,2
786.0,0,0,1,1,2
787.0,0,0,1,1,2
788.0,0,0,1,1,2
789.0,0,0,1,1,2
790.0,0,0,1,1,2
791.0,0,0,1,1,2
792.0,0,0,1,1,2
793.0,0,0,1,1,2
794.0,0,0,1,1,2
795.0,0,0,1,1,2
796.0,0,0,1,1,2
797.0,0,0,1,1,2
798.0,0,0,1,1,2
799.0,0,0,1,1,2
800.0,0,0,1,1,2
801.0,0,0,1,1,2
802.0,0,0,1,1,2
803.0,0,0,1,1,2
804.0,0,0,1,1,2
805.0,0,0,1,1,2
806.0,0,0,2,1,3
807.0,0,0,2,2,4
808.0,0,0,2,2,4
809.0,0,0,2,2,4
810.0,0,0,2,2,4
811.0,0,0,0,0,0
812.0,0,0,0,0,0
813.0,0,0,0,0,0
814.0,0,0,0,0,0
815.0,0,0,0,0,0
816.0,0,0,0,0,0
817.0,0,0,0,0,0
818.0,0,0,0,0,0
819.0,0,0,0,0,0
820.0,1,1,0,0,2
821.0,1,1,0,0,2
822.0,1,1,0,0,2
823.0,1,1,0,0,2
824.0,1,1,0,0,2
825.0,1,1,0,0,2
826.0,1,1,0,0,2
827.0,1,1,0,0,2
828.0,1,1,0,0,2
829.0,1,1,0,0,2
830.0,1,2,0,0,3
831.0,2,2,0,0,4
832.0,2,2,0,0,4
833.0,2,2,0,0,4
834.0,2,2,0,0,4
835.0,3,3,0,0,6
836.0,3,3,0,0,6
837.0,3,3,0,0,6
838.0,4,3,0,0,7
839.0,4,3,0,0,7
840.0,4,3,0,0,7
841.0,4,4,0,0,8
842.0,4,4,0,0,8
843.0,4,4,0,0,8
844.0,4,4,0,0,8
845.0,4,4,0,0,8
846.0,4,4,0,0,8
847.0,4,4,0,0,8
848.0,4,5,0,0,9
849.0,5,5,0,0,10
850.0,5,5,0,0,10
851.0,5,5,0,0,10
852.0,5,5,0,0,10
853.0,5,5,0,0,10
854.0,5,5,0,0,10
855.0,5,5,0,0,10
856.0,3,3,0,0,6
857.0,1,1,0,0,2
858.0,0,0,0,0,0
859.0,0,0,0,0,0
860.0,0,0,0,0,0
861.0,0,0,0,0,0
862.0,0,0,0,0,0
863.0,0,0,0,0,0
864.0,0,0,0,0,0
865.0,0,0,0,0,0
866.0,0,0,1,1,2
867.0,0,0,2,1,3
868.0,0,0,2,2,4
869.0,0,0,2,2,4
870.0,0,0,2,2,4
871.0,0,0,2,2,4
872.0,0,0,2,2,4
873.0,0,0,2,2,4
874.0,0,0,2,2,4
875.0,0,0,2,2,4
876.0,0,0,2,2,4
877.0,0,0,2,2,4
878.0,0,0,2,2,4
879.0,0,0,2,2,4
880.0,0,0,2,2,4
881.0,0,0,2,2,4
882.0,0,0,2,2,4
883.0,0,0,2,2,4
884.0,0,0,2,2,4
885.0,0,0,2,2,4
886.0,0,0,2,2,4
887.0,0,0,2,2,4
888.0,0,0,2,2,4
889.0,0,0,2,2,4
890.0,0,0,2,2,4
891.0,0,0,2,2,4
892.0,0,0,2,2,4
893.0,0,0,2,2,4
894.0,0,0,2,2,4
895.0,0,0,2,2,4
896.0,0,0,2,3,5
897.0,0,0,2,3,5
898.0,0,0,3,3,6
899.0,0,0,3,3,6
900.0,0,1,3,3,7
901.0,0,1,1,1,3
902.0,1,1,0,0,2
903.0,1,1,0,0,2
904.0,1,1,0,0,2
905.0,1,1,0,0,2
906.0,1,1,0,0,2
907.0,1,1,0,0,2
908.0,1,1,0,0,2
909.0,1,1,0,0,2
910.0,1,1,0,0,2
911.0,2,1,0,0,3
912.0,2,2,0,0,4
913.0,2,2,0,0,4
914.0,2,2,0,0,4
915.0,2,2,0,0,4
916.0,2,2,0,0,4
917.0,2,2,0,0,4
918.0,2,2,0,0,4
919.0,2,2,0,0,4
920.0,2,3,0,0,5
921.0,3,3,0,0,6
922.0,3,3,0,0,6
923.0,3,3,0,0,6
924.0,3,3,0,0,6
925.0,5,3,0,0,8
926.0,5,3,0,0,8
927.0,5,5,0,0,10
928.0,5,5,0,0,10
929.0,5,5,0,0,10
930.0,5,6,0,0,11
931.0,5,6,0,0,11
932.0,5,6,0,0,11
933.0,6,6,0,0,12
934.0,6,6,0,0,12
935.0,6,6,0,0,12
936.0,6,6,0,0,12
937.0,6,6,0,0,12
938.0,6,6,0,0,12
939.0,6,6,0,0,12
940.0,6,6,0,0,12
941.0,7,6,0,0,13
942.0,7,6,0,0,13
943.0,7,7,0,0,14
944.0,7,7,0,0,14
945.0,7,7,0,0,14
946.0,5,5,0,0,10
947.0,3,3,0,0,6
948.0,1,1,0,0,2
949.0,0,0,0,0,0
950.0,0,0,0,0,0
951.0,0,0,0,0,0
952.0,0,0,0,0,0
953.0,0,0,0,0,0
954.0,0,1,0,0,1
955.0,1,1,1,0,3
956.0,1,1,1,0,3
957.0,1,1,1,1,4
958.0,1,1,1,1,4
959.0,0,1,1,1,3
960.0,0,0,1,1,2
961.0,0,0,1,1,2
962.0,0,0,1,1,2
963.0,1,0,1,1,3
964.0,0,0,1,1,2
965.0,0,0,1,1,2
966.0,0,0,1,1,2
967.0,0,0,1,1,2
968.0,0,0,1,1,2
969.0,0,0,1,1,2
970.0,0,0,1,1,2
971.0,0,0,1,1,2
972.0,0,0,1,1,2
973.0,0,0,1,1,2
974.0,0,0,1,1,2
975.0,0,0,1,1,2
976.0,0,0,1,1,2
977.0,0,0,1,1,2
978.0,0,0,1,1,2
979.0,0,0,1,1,2
980.0,0,0,1,1,2
981.0,0,0,1,1,2
982.0,0,0,1,1,2
983.0,0,0,1,1,2
984.0,0,0,1,1,2
985.0,0,0,1,2,3
986.0,0,0,1,2,3
987.0,0,0,2,2,4
988.0,0,0,2,2,4
989.0,0,0,3,3,6
990.0,0,0,3,3,6
991.0,0,0,1,1,2
992.0,0,0,0,0,0
993.0,0,1,0,0,1
994.0,1,1,0,0,2
995.0,1,1,0,0,2
996.0,1,1,0,0,2
997.0,1,1,0,0,2
998.0,1,1,0,0,2
999.0,1,1,0,0,2
1000.0,1,1,0,0,2
1001.0,1,1,0,0,2
1002.0,1,1,0,0,2
1003.0,1,2,0,0,3
1004.0,1,2,0,0,3
1005.0,2,2,0,0,4
1006.0,2,2,0,0,4
1007.0,2,2,0,0,4
1008.0,2,2,0,0,4
1009.0,2,2,0,0,4
1010.0,2,2,0,0,4
1011.0,2,2,0,0,4
1012.0,2,2,0,0,4
1013.0,2,2,0,0,4
1014.0,3,2,0,0,5
1015.0,3,3,0,0,6
1016.0,3,3,0,0,6
1017.0,4,3,0,0,7
1018.0,4,4,0,0,8
1019.0,4,4,0,0,8
1020.0,4,4,0,0,8
1021.0,4,4,0,0,8
1022.0,5,4,0,0,9
1023.0,5,5,0,0,10
1024.0,5,5,0,0,10
1025.0,5,5,0,0,10
1026.0,5,5,0,0,10
1027.0,5,5,0,0,10
1028.0,5,5,0,0,10
1029.0,5,5,0,0,10
1030.0,5,5,0,0,10
1031.0,5,5,0,0,10
1032.0,5,5,0,0,10
1033.0,5,5,0,0,10
1034.0,5,6,0,0,11
1035.0,5,6,0,0,11
1036.0,3,4,0,0,7
1037.0,2,2,0,0,4
1038.0,0,0,0,0,0
1039.0,0,0,0,0,0
1040.0,0,0,0,0,0
1041.0,0,0,0,0,0
1042.0,0,0,0,0,0
1043.0,0,0,0,0,0
1044.0,0,0,0,0,0
1045.0,0,0,0,0,0
1046.0,0,0,1,1,2
1047.0,0,0,1,1,2
1048.0,0,0,1,1,2
1049.0,0,0,1,1,2
1050.0,0,0,1,1,2
1051.0,0,0,1,1,2
1052.0,0,0,1,1,2
1053.0,0,0,1,1,2
1054.0,0,0,1,1,2
1055.0,0,0,1,1,2
1056.0,0,0,1,1,2
1057.0,0,0,1,1,2
1058.0,0,0,1,1,2
1059.0,0,0,1,1,2
1060.0,0,0,1,1,2
1061.0,0,0,1,1,2
1062.0,0,0,1,1,2
1063.0,0,0,1,1,2
1064.0,0,0,1,1,2
1065.0,0,0,1,1,2
1066.0,0,0,1,1,2
1067.0,0,0,1,1,2
1068.0,0,0,1,1,2
1069.0,0,0,1,1,2
1070.0,0,0,1,1,2
1071.0,0,0,1,1,2
1072.0,0,0,1,1,2
1073.0,0,0,1,1,2
1074.0,0,0,1,1,2
1075.0,0,0,1,1,2
1076.0,0,0,1,2,3
1077.0,0,0,2,2,4
1078.0,0,0,2,2,4
1079.0,0,0,2,2,4
1080.0,0,0,2,2,4
1081.0,0,0,0,0,0
1082.0,0,0,0,0,0
1083.0,0,0,0,0,0
1084.0,0,0,0,0,0
1085.0,1,0,0,0,1
1086.0,1,0,0,0,1
1087.0,1,1,0,0,2
1088.0,1,1,0,0,2
1089.0,1,1,0,0,2
1090.0,1,1,0,0,2
1091.0,1,1,0,0,2
1092.0,1,1,0,0,2
1093.0,1,1,0,0,2
1094.0,1,1,0,0,2
1095.0,1,1,0,0,2
1096.0,1,1,0,0,2
1097.0,2,2,0,0,4
1098.0,2,2,0,0,4
1099.0,2,2,0,0,4
1100.0,2,2,0,0,4
1101.0,2,2,0,0,4
1102.0,2,2,0,0,4
1103.0,2,2,0,0,4
1104.0,2,2,0,0,4
1105.0,3,2,0,0,5
1106.0,3,4,0,0,7
1107.0,5,5,0,0,10
1108.0,5,5,0,0,10
1109.0,5,5,0,0,10
1110.0,5,5,0,0,10
1111.0,5,5,0,0,10
1112.0,5,5,0,0,10
1113.0,5,5,0,0,10
1114.0,5,5,0,0,10
1115.0,6,5,0,0,11
1116.0,6,6,0,0,12
1117.0,6,6,0,0,12
1118.0,6,6,0,0,12
1119.0,6,6,0,0,12
1120.0,6,6,0,0,12
1121.0,6,6,0,0,12
1122.0,6,6,0,0,12
1123.0,6,6,0,0,12
1124.0,6,6,0,0,12
1125.0,7,7,0,0,14
1126.0,5,5,0,0,10
1127.0,3,3,0,0,6
1128.0,1,1,0,0,2
1129.0,0,0,0,0,0
1130.0,0,0,0,0,0
1131.0,0,0,0,0,0
1132.0,0,0,0,0,0
1133.0,0,0,0,0,0
1134.0,1,0,0,0,1
1135.0,2,1,1,0,4
1136.0,2,1,1,0,4
1137.0,1,1,1,0,3
1138.0,1,1,1,0,3
1139.0,1,1,1,0,3
1140.0,1,0,1,1,3
1141.0,0,0,1,1,2
1142.0,0,0,1,1,2
1143.0,0,0,1,1,2
1144.0,0,0,1,1,2
1145.0,0,0,1,1,2
1146.0,0,0,1,1,2
1147.0,0,0,1,1,2
1148.0,0,0,1,1,2
1149.0,0,0,1,1,2
1150.0,0,0,1,1,2
1151.0,0,0,1,1,2
1152.0,0,0,1,1,2
1153.0,0,0,1,1,2
1154.0,0,0,1,1,2
1155.0,0,0,1,1,2
1156.0,0,0,1,1,2
1157.0,0,0,1,1,2
1158.0,0,0,1,1,2
1159.0,0,0,1,1,2
1160.0,0,0,1,1,2
1161.0,0,0,1,1,2
1162.0,0,0,1,1,2
1163.0,0,0,1,1,2
1164.0,0,0,1,1,2
1165.0,0,0,1,2,3
1166.0,0,0,1,2,3
1167.0,0,0,2,2,4
1168.0,0,0,2,2,4
1169.0,0,0,2,2,4
1170.0,0,0,2,2,4
1171.0,0,0,0,0,0
1172.0,0,1,0,0,1
1173.0,0,1,0,0,1
1174.0,1,1,0,0,2
1175.0,1,1,0,0,2
1176.0,1,1,0,0,2
1177.0,1,1,0,0,2
1178.0,2,1,0,0,3
1179.0,2,1,0,0,3
1180.0,2,1,0,0,3
1181.0,2,2,0,0,4
1182.0,2,2,0,0,4
1183.0,2,2,0,0,4
1184.0,2,2,0,0,4
1185.0,2,2,0,0,4
1186.0,2,2,0,0,4
1187.0,2,2,0,0,4
1188.0,3,2,0,0,5
1189.0,3,3,0,0,6
1190.0,3,3,0,0,6
1191.0,3,3,0,0,6
1192.0,3,3,0,0,6
1193.0,3,3,0,0,6
1194.0,3,4,0,0,7
1195.0,3,4,0,0,7
1196.0,3,4,0,0,7
1197.0,3,4,0,0,7
1198.0,4,5,0,0,9
1199.0,4,5,0,0,9
1200.0,5,5,0,0,10
1201.0,5,5,0,0,10
1202.0,5,5,0,0,10
1203.0,5,5,0,0,10
1204.0,5,5,0,0,10
1205.0,5,5,0,0,10
1206.0,5,5,0,0,10
1207.0,5,5,0,0,10
1208.0,5,5,0,0,10
1209.0,5,5,0,0,10
1210.0,5,6,0,0,11
1211.0,6,6,0,0,12
1212.0,6,6,0,0,12
1213.0,6,6,0,0,12
1214.0,6,6,0,0,12
1215.0,6,6,0,0,12
1216.0,4,4,0,0,8
1217.0,2,2,0,0,4
1218.0,0,0,0,0,0
1219.0,0,0,0,0,0
1220.0,0,0,0,0,0
1221.0,0,0,0,0,0
1222.0,0,1,0,0,1
1223.0,0,2,0,0,2
1224.0,0,2,0,0,2
1225.0,0,2,0,0,2
1226.0,0,2,1,0,3
1227.0,0,3,1,0,4
1228.0,0,3,2,0,5
1229.0,0,1,2,0,3
1230.0,0,1,2,0,3
1231.0,0,1,2,1,4
1232.0,0,1,2,1,4
1233.0,0,0,2,1,3
1234.0,0,0,2,2,4
1235.0,0,0,2,2,4
1236.0,0,0,2,2,4
1237.0,0,0,2,2,4
1238.0,0,0,2,2,4
1239.0,0,0,2,2,4
1240.0,0,0,2,2,4
1241.0,0,0,2,2,4
1242.0,0,0,2,2,4
1243.0,0,0,2,2,4
1244.0,0,0,2,2,4
1245.0,0,0,2,2,4
1246.0,0,0,2,2,4
1247.0,0,0,2,2,4
1248.0,0,0,2,2,4
1249.0,0,0,2,2,4
1250.0,0,0,2,2,4
1251.0,0,0,2,2,4
1252.0,0,0,2,2,4
1253.0,0,0,2,2,4
1254.0,0,0,2,2,4
1255.0,0,0,2,2,4
1256.0,0,0,3,2,5
1257.0,0,0,3,3,6
1258.0,0,0,3,3,6
1259.0,0,0,3,3,6
1260.0,0,0,3,3,6
1261.0,0,0,1,1,2
1262.0,0,0,0,0,0
1263.0,0,0,0,0,0
1264.0,0,0,0,0,0
1265.0,0,0,0,0,0
1266.0,0,0,0,0,0
1267.0,0,0,0,0,0
1268.0,0,0,0,0,0
1269.0,0,0,0,0,0
1270.0,1,0,0,0,1
1271.0,1,0,0,0,1
1272.0,1,0,0,0,1
1273.0,1,1,0,0,2
1274.0,1,1,0,0,2
1275.0,1,1,0,0,2
1276.0,1,1,0,0,2
1277.0,1,1,0,0,2
1278.0,1,1,0,0,2
1279.0,1,1,0,0,2
1280.0,1,1,0,0,2
1281.0,2,2,0,0,4
1282.0,2,2,0,0,4
1283.0,2,2,0,0,4
1284.0,2,2,0,0,4
1285.0,2,2,0,0,4
1286.0,3,4,0,0,7
1287.0,3,4,0,0,7
1288.0,3,4,0,0,7
1289.0,3,4,0,0,7
1290.0,5,4,0,0,9
1291.0,5,5,0,0,10
1292.0,5,5,0,0,10
1293.0,5,5,0,0,10
1294.0,5,5,0,0,10
1295.0,5,5,0,0,10
1296.0,5,5,0,0,10
1297.0,5,5,0,0,10
1298.0,5,5,0,0,10
1299.0,5,5,0,0,10
1300.0,5,5,0,0,10
1301.0,5,5,0,0,10
1302.0,6,5,0,0,11
1303.0,6,5,0,0,11
1304.0,6,6,0,0,12
1305.0,6,6,0,0,12
1306.0,4,4,0,0,8
1307.0,2,2,0,0,4
1308.0,0,0,0,0,0
1309.0,0,0,0,0,0
1310.0,0,0,0,0,0
1311.0,0,0,0,0,0
1312.0,0,0,0,0,0
1313.0,0,0,0,0,0
1314.0,0,0,0,0,0
1315.0,1,1,0,0,2
1316.0,1,0,0,0,1
1317.0,0,0,0,0,0
1318.0,0,0,1,1,2
1319.0,0,0,1,1,2
1320.0,0,0,1,1,2
1321.0,0,0,1,1,2
1322.0,0,0,1,1,2
1323.0,0,0,1,1,2
1324.0,0,0,1,1,2
1325.0,0,0,1,1,2
1326.0,0,0,1,1,2
1327.0,0,0,1,1,2
1328.0,0,0,1,1,2
1329.0,0,0,1,1,2
1330.0,0,0,1,1,2
1331.0,0,0,1,1,2
1332.0,0,0,1,1,2
1333.0,0,0,1,1,2
1334.0,0,0,1,1,2
1335.0,0,0,1,1,2
1336.0,0,0,1,1,2
1337.0,0,0,1,1,2
1338.0,0,0,1,1,2
1339.0,0,0,1,1,2
1340.0,0,0,1,1,2
1341.0,0,0,1,1,2
1342.0,0,0,1,1,2
1343.0,0,0,1,1,2
1344.0,0,0,1,1,2
1345.0,0,0,1,1,2
1346.0,0,0,2,2,4
1347.0,0,0,3,2,5
1348.0,0,0,3,2,5
1349.0,0,0,3,2,5
1350.0,0,0,3,2,5
1351.0,0,0,1,1,2
1352.0,0,0,0,0,0
1353.0,0,0,0,0,0
1354.0,0,0,0,0,0
1355.0,1,0,0,0,1
1356.0,1,1,0,0,2
1357.0,1,1,0,0,2
1358.0,1,1,0,0,2
1359.0,1,1,0,0,2
1360.0,1,1,0,0,2
1361.0,1,1,0,0,2
1362.0,1,1,0,0,2
1363.0,1,1,0,0,2
1364.0,1,1,0,0,2
1365.0,2,1,0,0,3
1366.0,2,2,0,0,4
1367.0,2,2,0,0,4
1368.0,2,2,0,0,4
1369.0,2,2,0,0,4
1370.0,2,2,0,0,4
1371.0,2,2,0,0,4
1372.0,2,2,0,0,4
1373.0,3,2,0,0,5
1374.0,3,2,0,0,5
1375.0,4,2,0,0,6
1376.0,4,2,0,0,6
1377.0,4,2,0,0,6
1378.0,4,2,0,0,6
1379.0,4,3,0,0,7
1380.0,4,3,0,0,7
1381.0,4,4,0,0,8
1382.0,4,4,0,0,8
1383.0,5,4,0,0,9
1384.0,5,4,0,0,9
1385.0,5,4,0,0,9
1386.0,5,5,0,0,10
1387.0,5,5,0,0,10
1388.0,5,5,0,0,10
1389.0,5,5,0,0,10
1390.0,5,5,0,0,10
1391.0,5,5,0,0,10
1392.0,5,5,0,0,10
1393.0,5,5,0,0,10
1394.0,5,5,0,0,10
1395.0,5,5,0,0,10
1396.0,3,3,0,0,6
1397.0,1,2,0,0,3
1398.0,0,0,0,0,0
1399.0,0,0,0,0,0
1400.0,0,0,0,0,0
1401.0,0,0,0,0,0
1402.0,0,0,0,0,0
1403.0,0,0,0,0,0
1404.0,0,0,0,0,0
1405.0,0,0,0,0,0
1406.0,0,0,1,1,2
1407.0,0,0,1,1,2
1408.0,0,0,1,1,2
1409.0,0,0,1,1,2
1410.0,0,0,1,1,2
1411.0,0,0,1,1,2
1412.0,0,0,1,1,2
1413.0,0,0,1,1,2
1414.0,0,0,1,1,2
1415.0,0,0,1,1,2
1416.0,0,0,1,1,2
1417.0,0,0,1,1,2
1418.0,0,0,1,1,2
1419.0,0,0,1,1,2
1420.0,0,0,1,1,2
1421.0,0,0,1,1,2
1422.0,0,0,1,1,2
1423.0,0,0,1,1,2
1424.0,0,0,1,1,2
1425.0,0,0,1,1,2
1426.0,0,0,1,1,2
1427.0,0,0,1,1,2
1428.0,0,0,1,1,2
1429.0,0,0,1,1,2
1430.0,0,0,1,1,2
1431.0,0,0,1,1,2
1432.0,0,0,1,1,2
1433.0,0,0,1,1,2
1434.0,0,0,1,1,2
1435.0,0,0,1,1,2
1436.0,0,0,1,2,3
1437.0,0,0,2,2,4
1438.0,0,0,2,2,4
1439.0,0,0,2,2,4
1440.0,0,0,2,2,4
1441.0,0,0,0,0,0
1442.0,0,0,0,0,0
1443.0,0,0,0,0,0
1444.0,0,0,0,0,0
1445.0,0,0,0,0,0
1446.0,0,0,0,0,0
1447.0,1,1,0,0,2
1448.0,1,1,0,0,2
1449.0,1,1,0,0,2
1450.0,1,1,0,0,2
1451.0,1,1,0,0,2
1452.0,1,1,0,0,2
1453.0,1,1,0,0,2
1454.0,1,1,0,0,2
1455.0,1,1,0,0,2
1456.0,1,1,0,0,2
1457.0,1,1,0,0,2
1458.0,1,1,0,0,2
1459.0,1,2,0,0,3
1460.0,1,2,0,0,3
1461.0,1,2,0,0,3
1462.0,2,2,0,0,4
1463.0,2,2,0,0,4
1464.0,2,2,0,0,4
1465.0,2,2,0,0,4
1466.0,3,3,0,0,6
1467.0,3,4,0,0,7
1468.0,4,5,0,0,9
1469.0,5,5,0,0,10
1470.0,5,5,0,0,10
1471.0,5,5,0,0,10
1472.0,5,5,0,0,10
1473.0,5,5,0,0,10
1474.0,5,5,0,0,10
1475.0,6,5,0,0,11
1476.0,6,5,0,0,11
1477.0,6,6,0,0,12
1478.0,6,6,0,0,12
1479.0,6,6,0,0,12
1480.0,6,6,0,0,12
1481.0,6,6,0,0,12
1482.0,6,6,0,0,12
1483.0,6,6,0,0,12
1484.0,6,6,0,0,12
1485.0,6,6,0,0,12
1486.0,4,4,0,0,8
1487.0,3,3,0,0,6
1488.0,1,1,0,0,2
1489.0,0,0,0,0,0
1490.0,0,0,0,0,0
1491.0,0,0,0,0,0
1492.0,0,0,0,0,0
1493.0,0,1,0,0,1
1494.0,0,1,0,0,1
1495.0,1,0,0,0,1
1496.0,0,0,0,0,0
1497.0,0,0,1,1,2
1498.0,0,1,1,1,3
1499.0,0,0,1,1,2
1500.0,0,0,1,1,2
1501.0,0,0,1,1,2
1502.0,0,0,1,1,2
1503.0,0,0,1,1,2
1504.0,0,0,1,1,2
1505.0,0,0,1,1,2
1506.0,0,0,1,1,2
1507.0,0,0,1,1,2
1508.0,0,0,1,1,2
1509.0,0,0,1,1,2
1510.0,0,0,1,1,2
1511.0,0,0,1,1,2
1512.0,0,0,1,1,2
1513.0,0,0,1,1,2
1514.0,0,0,1,1,2
1515.0,0,0,1,1,2
1516.0,0,0,1,1,2
1517.0,0,0,1,1,2
1518.0,0,0,1,1,2
1519.0,0,0,1,1,2
1520.0,0,0,1,1,2
1521.0,0,0,1,1,2
1522.0,0,0,1,1,2
1523.0,0,0,1,1,2
1524.0,0,0,1,1,2
1525.0,0,0,1,1,2
1526.0,0,0,1,1,2
1527.0,0,0,1,1,2
1528.0,0,0,1,1,2
1529.0,0,0,2,1,3
1530.0,0,0,2,2,4
1531.0,0,0,0,0,0
1532.0,0,0,0,0,0
1533.0,0,0,0,0,0
1534.0,0,0,0,0,0
1535.0,0,0,0,0,0
1536.0,0,0,0,0,0
1537.0,0,0,0,0,0
1538.0,0,0,0,0,0
1539.0,0,1,0,0,1
1540.0,0,1,0,0,1
1541.0,0,1,0,0,1
1542.0,1,1,0,0,2
1543.0,1,1,0,0,2
1544.0,1,1,0,0,2
1545.0,1,1,0,0,2
1546.0,1,1,0,0,2
1547.0,1,1,0,0,2
1548.0,1,1,0,0,2
1549.0,1,1,0,0,2
1550.0,1,2,0,0,3
1551.0,1,2,0,0,3
1552.0,1,2,0,0,3
1553.0,1,2,0,0,3
1554.0,1,2,0,0,3
1555.0,2,2,0,0,4
1556.0,3,2,0,0,5
1557.0,3,3,0,0,6
1558.0,3,3,0,0,6
1559.0,4,4,0,0,8
1560.0,4,4,0,0,8
1561.0,4,4,0,0,8
1562.0,4,4,0,0,8
1563.0,4,4,0,0,8
1564.0,4,4,0,0,8
1565.0,4,4,0,0,8
1566.0,4,4,0,0,8
1567.0,4,4,0,0,8
1568.0,5,5,0,0,10
1569.0,5,5,0,0,10
1570.0,5,5,0,0,10
1571.0,5,5,0,0,10
1572.0,5,5,0,0,10
1573.0,5,5,0,0,10
1574.0,5,5,0,0,10
1575.0,5,5,0,0,10
1576.0,3,3,0,0,6
1577.0,1,1,0,0,2
1578.0,0,0,0,0,0
1579.0,0,0,0,0,0
1580.0,0,0,0,0,0
1581.0,0,0,0,0,0
1582.0,0,0,0,0,0
1583.0,0,0,0,0,0
1584.0,0,0,0,0,0
1585.0,0,0,1,1,2
1586.0,0,0,2,1,3
1587.0,0,0,2,2,4
1588.0,0,0,2,2,4
1589.0,0,0,2,2,4
1590.0,0,0,2,2,4
1591.0,0,0,2,2,4
1592.0,0,0,2,2,4
1593.0,0,0,2,2,4
1594.0,0,0,2,2,4
1595.0,0,0,2,2,4
1596.0,0,0,2,2,4
1597.0,0,0,2,2,4
1598.0,0,0,2,2,4
1599.0,0,0,2,2,4
1600.0,0,0,2,2,4
1601.0,0,0,2,2,4
1602.0,0,0,2,2,4
1603.0,0,0,2,2,4
1604.0,0,0,2,2,4
1605.0,0,0,2,2,4
1606.0,0,0,2,2,4
1607.0,0,0,2,2,4
1608.0,0,0,2,2,4
1609.0,0,0,2,2,4
1610.0,0,0,2,2,4
1611.0,0,0,2,2,4
1612.0,0,0,2,2,4
1613.0,0,0,2,2,4
1614.0,0,0,2,2,4
1615.0,0,0,2,3,5
1616.0,0,0,2,3,5
1617.0,0,0,2,3,5
1618.0,0,0,2,3,5
1619.0,0,0,3,3,6
1620.0,0,0,3,3,6
1621.0,0,0,1,1,2
1622.0,0,0,0,0,0
1623.0,0,0,0,0,0
1624.0,0,0,0,0,0
1625.0,0,0,0,0,0
1626.0,0,0,0,0,0
1627.0,0,0,0,0,0
1628.0,0,0,0,0,0
1629.0,0,0,0,0,0
1630.0,0,0,0,0,0
1631.0,0,0,0,0,0
1632.0,1,0,0,0,1
1633.0,1,0,0,0,1
1634.0,1,1,0,0,2
1635.0,1,1,0,0,2
1636.0,1,1,0,0,2
1637.0,1,1,0,0,2
1638.0,1,1,0,0,2
1639.0,1,1,0,0,2
1640.0,1,1,0,0,2
1641.0,1,1,0,0,2
1642.0,1,1,0,0,2
1643.0,2,2,0,0,4
1644.0,2,2,0,0,4
1645.0,2,3,0,0,5
1646.0,3,3,0,0,6
1647.0,3,4,0,0,7
1648.0,3,4,0,0,7
1649.0,3,4,0,0,7
1650.0,4,5,0,0,9
1651.0,4,5,0,0,9
1652.0,5,5,0,0,10
1653.0,5,5,0,0,10
1654.0,5,5,0,0,10
1655.0,5,5,0,0,10
1656.0,5,5,0,0,10
1657.0,5,5,0,0,10
1658.0,5,5,0,0,10
1659.0,5,5,0,0,10
1660.0,5,5,0,0,10
1661.0,6,5,0,0,11
1662.0,6,6,0,0,12
1663.0,6,6,0,0,12
1664.0,6,6,0,0,12
1665.0,6,6,0,0,12
1666.0,4,4,0,0,8
1667.0,2,2,0,0,4
1668.0,0,0,0,0,0
1669.0,0,0,0,0,0
1670.0,0,0,0,0,0
1671.0,0,0,0,0,0
1672.0,0,0,0,0,0
1673.0,0,0,0,0,0
1674.0,1,0,0,0,1
1675.0,1,0,0,0,1
1676.0,1,0,0,1,2
1677.0,0,0,1,1,2
1678.0,0,1,1,1,3
1679.0,0,1,1,1,3
1680.0,0,1,1,1,3
1681.0,0,1,1,1,3
1682.0,0,0,1,1,2
1683.0,0,0,1,1,2
1684.0,0,0,1,1,2
1685.0,0,0,1,1,2
1686.0,0,0,1,1,2
1687.0,0,0,1,1,2
1688.0,0,0,1,1,2
1689.0,0,0,1,1,2
1690.0,0,0,1,1,2
1691.0,0,0,1,1,2
1692.0,0,0,1,1,2
1693.0,0,0,1,1,2
1694.0,0,0,1,1,2
1695.0,0,0,1,1,2
1696.0,0,0,1,1,2
1697.0,0,0,1,1,2
1698.0,0,0,1,1,2
1699.0,0,0,1,1,2
1700.0,0,0,1,1,2
1701.0,0,0,1,1,2
1702.0,0,0,1,1,2
1703.0,0,0,1,1,2
1704.0,0,0,1,1,2
1705.0,0,0,1,1,2
1706.0,0,0,1,2,3
1707.0,0,0,2,2,4
1708.0,0,0,2,2,4
1709.0,0,0,2,2,4
1710.0,0,0,2,2,4
1711.0,0,0,1,0,1
1712.0,0,0,0,0,0
1713.0,0,1,0,0,1
1714.0,0,1,0,0,1
1715.0,0,1,0,0,1
1716.0,0,1,0,0,1
1717.0,0,1,0,0,1
1718.0,0,1,0,0,1
1719.0,1,1,0,0,2
1720.0,1,1,0,0,2
1721.0,1,1,0,0,2
1722.0,1,1,0,0,2
1723.0,1,2,0,0,3
1724.0,1,2,0,0,3
1725.0,1,2,0,0,3
1726.0,2,2,0,0,4
1727.0,2,2,0,0,4
1728.0,2,2,0,0,4
1729.0,2,2,0,0,4
1730.0,2,2,0,0,4
1731.0,2,2,0,0,4
1732.0,2,2,0,0,4
1733.0,2,2,0,0,4
1734.0,2,2,0,0,4
1735.0,3,2,0,0,5
1736.0,4,3,0,0,7
1737.0,4,3,0,0,7
1738.0,4,4,0,0,8
1739.0,4,4,0,0,8
1740.0,4,4,0,0,8
1741.0,4,4,0,0,8
1742.0,4,4,0,0,8
1743.0,5,5,0,0,10
1744.0,5,5,0,0,10
1745.0,5,5,0,0,10
1746.0,5,5,0,0,10
1747.0,5,5,0,0,10
1748.0,5,5,0,0,10
1749.0,5,5,0,0,10
1750.0,5,5,0,0,10
1751.0,5,5,0,0,10
1752.0,5,5,0,0,10
1753.0,5,5,0,0,10
1754.0,5,5,0,0,10
1755.0,5,6,0,0,11
1756.0,3,4,0,0,7
1757.0,2,2,0,0,4
1758.0,0,0,0,0,0
1759.0,0,0,0,0,0
1760.0,0,0,0,0,0
1761.0,0,0,0,0,0
1762.0,0,0,0,0,0
1763.0,0,0,0,0,0
1764.0,0,0,0,0,0
1765.0,0,0,0,0,0
1766.0,0,0,1,0,1
1767.0,0,0,1,1,2
1768.0,0,0,1,1,2
1769.0,0,0,1,1,2
1770.0,0,0,1,1,2
1771.0,0,0,1,1,2
1772.0,0,0,1,1,2
1773.0,0,0,1,1,2
1774.0,0,0,1,1,2
1775.0,0,0,1,1,2
1776.0,0,0,1,1,2
1777.0,0,0,1,1,2
1778.0,0,0,1,1,2
1779.0,0,0,1,1,2
1780.0,0,0,1,1,2
1781.0,0,0,1,1,2
1782.0,0,0,1,1,2
1783.0,0,0,1,1,2
1784.0,0,0,1,1,2
1785.0,0,0,1,1,2
1786.0,0,0,1,1,2
1787.0,0,0,1,1,2
1788.0,0,0,1,1,2
1789.0,0,0,1,1,2
1790.0,0,0,1,1,2
1791.0,0,0,1,1,2
1792.0,0,0,1,1,2
1793.0,0,0,1,1,2
1794.0,0,0,1,1,2
1795.0,0,0,1,1,2
1796.0,0,0,1,2,3
1797.0,0,0,1,2,3
1798.0,0,0,1,2,3
1799.0,0,0,1,2,3
1800.0,0,0,1,2,3
1801.0,0,0,0,0,0
1802.0,0,0,0,0,0
1803.0,0,0,0,0,0
1804.0,0,0,0,0,0
1805.0,0,0,0,0,0
1806.0,0,0,0,0,0
1807.0,0,0,0,0,0
1808.0,0,0,0,0,0
1809.0,0,0,0,0,0
1810.0,0,0,0,0,0
1811.0,0,0,0,0,0
1812.0,0,0,0,0,0
1813.0,0,0,0,0,0
1814.0,0,1,0,0,1
1815.0,1,1,0,0,2
1816.0,2,1,0,0,3
1817.0,2,1,0,0,3
1818.0,2,1,0,0,3
1819.0,2,2,0,0,4
1820.0,2,2,0,0,4
1821.0,2,2,0,0,4
1822.0,2,2,0,0,4
1823.0,2,2,0,0,4
1824.0,2,3,0,0,5
1825.0,2,3,0,0,5
1826.0,2,4,0,0,6
1827.0,4,5,0,0,9
1828.0,4,5,0,0,9
1829.0,5,5,0,0,10
1830.0,5,5,0,0,10
1831.0,5,5,0,0,10
1832.0,5,5,0,0,10
1833.0,5,5,0,0,10
1834.0,5,5,0,0,10
1835.0,5,6,0,0,11
1836.0,5,6,0,0,11
1837.0,5,6,0,0,11
1838.0,6,6,0,0,12
1839.0,6,6,0,0,12
1840.0,6,6,0,0,12
1841.0,6,6,0,0,12
1842.0,6,6,0,0,12
1843.0,6,6,0,0,12
1844.0,6,6,0,0,12
1845.0,7,6,0,0,13
1846.0,5,4,0,0,9
1847.0,3,3,0,0,6
1848.0,1,1,0,0,2
1849.0,0,0,0,0,0
1850.0,0,0,0,0,0
1851.0,0,0,0,0,0
1852.0,0,0,0,0,0
1853.0,0,1,0,0,1
1854.0,1,1,0,0,2
1855.0,1,0,0,0,1
1856.0,1,0,0,0,1
1857.0,1,1,1,1,4
1858.0,1,0,1,1,3
1859.0,0,0,1,1,2
1860.0,0,0,1,1,2
1861.0,0,0,1,1,2
1862.0,0,0,1,1,2
1863.0,0,0,1,1,2
1864.0,0,0,1,1,2
1865.0,0,0,1,1,2
1866.0,0,0,1,1,2
1867.0,0,0,1,1,2
1868.0,0,0,1,1,2
1869.0,0,0,1,1,2
1870.0,0,0,1,1,2
1871.0,0,0,1,1,2
1872.0,0,0,1,1,2
1873.0,0,0,1,1,2
1874.0,0,0,1,1,2
1875.0,0,0,1,1,2
1876.0,0,0,1,1,2
1877.0,0,0,1,1,2
1878.0,0,0,1,1,2
1879.0,0,0,1,1,2
1880.0,0,0,1,1,2
1881.0,0,0,1,1,2
1882.0,0,0,1,1,2
1883.0,0,0,1,1,2
1884.0,0,0,1,1,2
1885.0,0,0,1,1,2
1886.0,0,0,1,1,2
1887.0,0,0,1,1,2
1888.0,0,0,1,2,3
1889.0,0,0,1,2,3
1890.0,0,0,2,2,4
1891.0,0,0,0,0,0
1892.0,1,0,0,0,1
1893.0,1,0,0,0,1
1894.0,1,0,0,0,1
1895.0,1,0,0,0,1
1896.0,1,0,0,0,1
1897.0,1,0,0,0,1
1898.0,1,0,0,0,1
1899.0,2,0,0,0,2
1900.0,2,1,0,0,3
1901.0,2,1,0,0,3
1902.0,2,1,0,0,3
1903.0,2,1,0,0,3
1904.0,2,1,0,0,3
1905.0,2,1,0,0,3
1906.0,2,1,0,0,3
1907.0,2,1,0,0,3
1908.0,2,1,0,0,3
1909.0,2,1,0,0,3
1910.0,3,2,0,0,5
1911.0,3,2,0,0,5
1912.0,3,2,0,0,5
1913.0,3,2,0,0,5
1914.0,4,2,0,0,6
1915.0,4,2,0,0,6
1916.0,4,2,0,0,6
1917.0,4,2,0,0,6
1918.0,5,3,0,0,8
1919.0,5,3,0,0,8
1920.0,5,3,0,0,8
1921.0,5,3,0,0,8
1922.0,5,3,0,0,8
1923.0,5,3,0,0,8
1924.0,5,3,0,0,8
1925.0,5,3,0,0,8
1926.0,5,3,0,0,8
1927.0,5,4,0,0,9
1928.0,5,4,0,0,9
1929.0,6,4,0,0,10
1930.0,6,4,0,0,10
1931.0,6,5,0,0,11
1932.0,6,5,0,0,11
1933.0,6,5,0,0,11
1934.0,6,5,0,0,11
1935.0,6,5,0,0,11
1936.0,4,3,0,0,7
1937.0,2,1,0,0,3
1938.0,1,0,0,0,1
1939.0,0,0,0,0,0
1940.0,0,0,0,0,0
1941.0,0,0,0,0,0
1942.0,0,0,0,0,0
1943.0,0,0,0,0,0
1944.0,0,0,0,0,0
1945.0,0,0,1,0,1
1946.0,0,0,1,0,1
1947.0,0,0,2,0,2
1948.0,0,0,2,0,2
1949.0,0,0,2,2,4
1950.0,0,0,2,2,4
1951.0,0,0,2,2,4
1952.0,0,0,2,2,4
1953.0,0,0,2,2,4
1954.0,0,0,2,2,4
1955.0,0,0,2,2,4
1956.0,0,0,2,2,4
1957.0,0,0,2,2,4
1958.0,0,0,2,2,4
1959.0,0,0,2,2,4
1960.0,0,0,2,2,4
1961.0,0,0,2,2,4
1962.0,0,0,2,2,4
1963.0,0,0,2,2,4
1964.0,0,0,2,2,4
1965.0,0,0,2,2,4
1966.0,0,0,2,2,4
1967.0,0,0,2,2,4
1968.0,0,0,2,2,4
1969.0,0,0,2,2,4
1970.0,0,0,2,2,4
1971.0,0,0,2,2,4
1972.0,0,0,2,2,4
1973.0,0,0,2,2,4
1974.0,0,0,2,2,4
1975.0,0,0,2,3,5
1976.0,0,0,2,3,5
1977.0,0,0,3,3,6
1978.0,0,0,3,3,6
1979.0,0,0,3,3,6
1980.0,0,0,3,3,6
1981.0,0,0,1,1,2
1982.0,0,0,0,0,0
1983.0,0,0,0,0,0
1984.0,0,0,0,0,0
1985.0,0,0,1,0,1
1986.0,0,0,1,0,1
1987.0,0,0,0,0,0
1988.0,0,0,0,0,0
1989.0,0,0,0,0,0
1990.0,0,1,0,0,1
1991.0,1,1,0,0,2
1992.0,1,1,0,0,2
1993.0,1,1,0,0,2
1994.0,1,1,0,0,2
1995.0,1,1,0,0,2
1996.0,1,1,0,0,2
1997.0,1,1,0,0,2
1998.0,1,1,0,0,2
1999.0,1,1,0,0,2
2000.0,1,1,0,0,2
2001.0,1,1,0,0,2
2002.0,1,1,0,0,2
2003.0,1,2,0,0,3
2004.0,2,2,0,0,4
2005.0,2,2,0,0,4
2006.0,3,2,0,0,5
2007.0,4,3,0,0,7
2008.0,4,4,0,0,8
2009.0,4,4,0,0,8
2010.0,5,4,0,0,9
2011.0,5,4,0,0,9
2012.0,5,4,0,0,9
2013.0,5,4,0,0,9
2014.0,5,4,0,0,9
2015.0,5,5,0,0,10
2016.0,5,5,0,0,10
2017.0,5,5,0,0,10
2018.0,5,5,0,0,10
2019.0,5,5,0,0,10
2020.0,5,5,0,0,10
2021.0,5,5,0,0,10
2022.0,5,6,0,0,11
2023.0,6,6,0,0,12
2024.0,6,6,0,0,12
2025.0,6,6,0,0,12
2026.0,4,4,0,0,8
2027.0,2,2,0,0,4
2028.0,0,0,0,0,0
2029.0,0,0,0,0,0
2030.0,0,1,0,0,1
2031.0,0,1,0,0,1
2032.0,0,1,0,0,1
2033.0,0,2,0,0,2
2034.0,0,2,0,0,2
2035.0,0,2,0,0,2
2036.0,0,0,0,0,0
2037.0,0,0,1,1,2
2038.0,0,0,1,1,2
2039.0,0,1,1,1,3
2040.0,0,1,1,1,3
2041.0,0,0,1,1,2
2042.0,0,0,1,1,2
2043.0,0,0,1,1,2
2044.0,0,0,1,1,2
2045.0,0,0,1,1,2
2046.0,0,0,1,1,2
2047.0,0,0,1,1,2
2048.0,0,0,1,1,2
2049.0,0,0,1,1,2
2050.0,0,0,1,1,2
2051.0,0,0,1,1,2
2052.0,0,0,1,1,2
2053.0,0,0,1,1,2
2054.0,0,0,1,1,2
2055.0,0,0,1,1,2
2056.0,0,0,1,1,2
2057.0,0,0,1,1,2
2058.0,0,0,1,1,2
2059.0,0,0,1,1,2
2060.0,0,0,1,1,2
2061.0,0,0,1,1,2
2062.0,0,0,1,1,2
2063.0,0,0,1,1,2
2064.0,0,0,1,1,2
2065.0,0,0,1,2,3
2066.0,0,0,2,2,4
2067.0,0,0,2,3,5
2068.0,0,0,2,3,5
2069.0,0,0,2,3,5
2070.0,0,0,2,3,5
2071.0,0,0,0,1,1
2072.0,0,0,0,0,0
2073.0,0,0,0,0,0
2074.0,1,0,0,0,1
2075.0,1,1,0,0,2
2076.0,1,1,0,0,2
2077.0,1,1,0,0,2
2078.0,1,1,0,0,2
2079.0,1,1,0,0,2
2080.0,1,1,0,0,2
2081.0,1,1,0,0,2
2082.0,1,1,0,0,2
2083.0,1,1,0,0,2
2084.0,2,1,0,0,3
2085.0,2,1,0,0,3
2086.0,2,1,0,0,3
2087.0,2,1,0,0,3
2088.0,2,1,0,0,3
2089.0,2,1,0,0,3
2090.0,2,1,0,0,3
2091.0,2,2,0,0,4
2092.0,2,2,0,0,4
2093.0,2,2,0,0,4
2094.0,3,3,0,0,6
2095.0,4,3,0,0,7
2096.0,4,3,0,0,7
2097.0,4,4,0,0,8
2098.0,4,4,0,0,8
2099.0,4,4,0,0,8
2100.0,4,4,0,0,8
2101.0,4,4,0,0,8
2102.0,4,4,0,0,8
2103.0,4,5,0,0,9
2104.0,4,5,0,0,9
2105.0,5,5,0,0,10
2106.0,5,5,0,0,10
2107.0,5,5,0,0,10
2108.0,5,5,0,0,10
2109.0,5,5,0,0,10
2110.0,5,5,0,0,10
2111.0,5,5,0,0,10
2112.0,5,5,0,0,10
2113.0,5,5,0,0,10
2114.0,6,5,0,0,11
2115.0,6,5,0,0,11
2116.0,4,3,0,0,7
2117.0,2,2,0,0,4
2118.0,0,0,0,0,0
2119.0,0,0,0,0,0
2120.0,0,0,0,0,0
2121.0,0,0,0,0,0
2122.0,0,0,0,0,0
2123.0,0,0,0,0,0
2124.0,0,0,0,0,0
2125.0,0,0,0,0,0
2126.0,0,0,0,1,1
2127.0,0,0,1,1,2
2128.0,0,0,1,1,2
2129.0,0,0,1,1,2
2130.0,0,0,1,1,2
2131.0,0,0,1,1,2
2132.0,0,0,1,1,2
2133.0,0,0,1,1,2
2134.0,0,0,1,1,2
2135.0,0,0,1,1,2
2136.0,0,0,1,1,2
2137.0,0,0,1,1,2
2138.0,0,0,1,1,2
2139.0,0,0,1,1,2
2140.0,0,0,1,1,2
2141.0,0,0,1,1,2
2142.0,0,0,1,1,2
2143.0,0,0,1,1,2
2144.0,0,0,1,1,2
2145.0,0,0,1,1,2
2146.0,0,0,1,1,2
2147.0,0,0,1,1,2
2148.0,0,0,1,1,2
2149.0,0,0,1,1,2
2150.0,0,0,1,1,2
2151.0,0,0,1,1,2
2152.0,0,0,1,1,2
2153.0,0,0,1,1,2
2154.0,0,0,1,1,2
2155.0,0,0,1,1,2
2156.0,0,0,1,2,3
2157.0,0,0,1,2,3
2158.0,0,0,1,2,3
2159.0,0,0,1,2,3
2160.0,0,0,1,2,3
2161.0,0,0,0,0,0
2162.0,0,0,0,0,0
2163.0,0,0,0,0,0
2164.0,0,0,0,0,0
2165.0,0,0,0,0,0
2166.0,0,0,0,0,0
2167.0,0,0,0,0,0
2168.0,1,0,0,0,1
2169.0,1,1,0,0,2
2170.0,1,1,0,0,2
2171.0,1,1,0,0,2
2172.0,1,1,0,0,2
2173.0,1,1,0,0,2
2174.0,1,1,0,0,2
2175.0,1,1,0,0,2
2176.0,2,2,0,0,4
2177.0,2,2,0,0,4
2178.0,2,2,0,0,4
2179.0,2,2,0,0,4
2180.0,2,2,0,0,4
2181.0,2,2,0,0,4
2182.0,2,2,0,0,4
2183.0,2,2,0,0,4
2184.0,2,3,0,0,5
2185.0,2,4,0,0,6
2186.0,3,4,0,0,7
2187.0,4,4,0,0,8
2188.0,5,4,0,0,9
2189.0,5,4,0,0,9
2190.0,5,4,0,0,9
2191.0,5,4,0,0,9
2192.0,5,5,0,0,10
2193.0,5,5,0,0,10
2194.0,5,5,0,0,10
2195.0,5,5,0,0,10
2196.0,6,5,0,0,11
2197.0,6,6,0,0,12
2198.0,6,6,0,0,12
2199.0,6,6,0,0,12
2200.0,6,6,0,0,12
2201.0,6,6,0,0,12
2202.0,6,6,0,0,12
2203.0,6,6,0,0,12
2204.0,6,6,0,0,12
2205.0,6,7,0,0,13
2206.0,5,5,0,0,10
2207.0,3,3,0,0,6
2208.0,1,1,0,0,2
2209.0,0,0,0,0,0
2210.0,0,0,0,0,0
2211.0,0,0,0,0,0
2212.0,0,0,0,0,0
2213.0,1,1,0,0,2
2214.0,1,1,0,0,2
2215.0,0,1,0,0,1
2216.0,0,1,0,0,1
2217.0,0,1,1,0,2
2218.0,1,0,1,0,2
2219.0,0,0,1,0,1
2220.0,0,0,1,0,1
2221.0,0,0,1,0,1
2222.0,0,0,1,0,1
2223.0,0,0,1,1,2
2224.0,0,0,1,1,2
2225.0,0,0,1,1,2
2226.0,0,0,1,1,2
2227.0,0,0,1,1,2
2228.0,0,0,1,1,2
2229.0,0,0,1,1,2
2230.0,0,0,1,1,2
2231.0,0,0,1,1,2
2232.0,0,0,1,1,2
2233.0,0,0,1,1,2
2234.0,0,0,1,1,2
2235.0,0,0,1,1,2
2236.0,0,0,1,1,2
2237.0,0,0,1,1,2
2238.0,0,0,1,1,2
2239.0,0,0,1,1,2
2240.0,0,0,1,1,2
2241.0,0,0,1,1,2
2242.0,0,0,1,1,2
2243.0,0,0,1,1,2
2244.0,0,0,1,1,2
2245.0,0,0,1,1,2
2246.0,0,0,1,2,3
2247.0,0,0,1,2,3
2248.0,0,0,2,2,4
2249.0,0,0,2,2,4
2250.0,0,0,2,2,4
2251.0,0,0,0,0,0
2252.0,0,0,0,0,0
2253.0,0,0,0,0,0
2254.0,0,0,0,0,0
2255.0,0,0,0,0,0
2256.0,0,0,0,0,0
2257.0,0,0,0,0,0
2258.0,0,0,0,0,0
2259.0,0,0,0,0,0
2260.0,0,0,0,0,0
2261.0,0,0,0,0,0
2262.0,1,1,0,0,2
2263.0,1,1,0,0,2
2264.0,1,1,0,0,2
2265.0,1,1,0,0,2
2266.0,1,1,0,0,2
2267.0,1,1,0,0,2
2268.0,2,1,0,0,3
2269.0,2,2,0,0,4
2270.0,2,2,0,0,4
2271.0,2,2,0,0,4
2272.0,2,2,0,0,4
2273.0,2,2,0,0,4
2274.0,3,2,0,0,5
2275.0,3,2,0,0,5
2276.0,3,2,0,0,5
2277.0,3,3,0,0,6
2278.0,3,4,0,0,7
2279.0,4,4,0,0,8
2280.0,4,4,0,0,8
2281.0,4,4,0,0,8
2282.0,4,4,0,0,8
2283.0,4,4,0,0,8
2284.0,4,4,0,0,8
2285.0,4,4,0,0,8
2286.0,4,4,0,0,8
2287.0,4,4,0,0,8
2288.0,4,4,0,0,8
2289.0,5,4,0,0,9
2290.0,5,4,0,0,9
2291.0,5,4,0,0,9
2292.0,5,4,0,0,9
2293.0,5,4,0,0,9
2294.0,5,4,0,0,9
2295.0,5,5,0,0,10
2296.0,3,3,0,0,6
2297.0,1,1,0,0,2
2298.0,0,0,0,0,0
2299.0,0,0,0,0,0
2300.0,0,0,0,0,0
2301.0,0,0,0,0,0
2302.0,0,0,0,0,0
2303.0,0,0,0,0,0
2304.0,0,0,0,0,0
2305.0,0,0,1,0,1
2306.0,0,0,1,0,1
2307.0,0,0,2,2,4
2308.0,0,0,2,2,4
2309.0,0,0,2,2,4
2310.0,0,0,2,2,4
2311.0,0,0,2,2,4
2312.0,0,0,2,2,4
2313.0,0,0,2,2,4
2314.0,0,0,2,2,4
2315.0,0,0,2,2,4
2316.0,0,0,2,2,4
2317.0,0,0,2,2,4
2318.0,0,0,2,2,4
2319.0,0,0,2,2,4
2320.0,0,0,2,2,4
2321.0,0,0,2,2,4
2322.0,0,0,2,2,4
2323.0,0,0,2,2,4
2324.0,0,0,2,2,4
2325.0,0,0,2,2,4
2326.0,0,0,2,2,4
2327.0,0,0,2,2,4
2328.0,0,0,2,2,4
2329.0,0,0,2,2,4
2330.0,0,0,2,2,4
2331.0,0,0,2,2,4
2332.0,0,0,2,2,4
2333.0,0,0,2,2,4
2334.0,0,0,2,2,4
2335.0,0,0,2,2,4
2336.0,0,0,2,2,4
2337.0,0,0,3,3,6
2338.0,0,0,3,3,6
2339.0,0,0,3,3,6
2340.0,1,0,3,3,7
2341.0,1,0,1,1,3
2342.0,1,0,0,0,1
2343.0,1,0,0,0,1
2344.0,1,0,0,0,1
2345.0,1,0,0,0,1
2346.0,1,0,0,0,1
2347.0,1,0,0,1,2
2348.0,1,0,0,0,1
2349.0,1,0,0,0,1
2350.0,1,0,0,0,1
2351.0,2,0,0,0,2
2352.0,2,0,0,0,2
2353.0,2,0,0,0,2
2354.0,2,0,0,0,2
2355.0,2,0,0,0,2
2356.0,2,0,0,0,2
2357.0,2,0,0,0,2
2358.0,2,0,0,0,2
2359.0,2,0,0,0,2
2360.0,2,1,0,0,3
2361.0,3,1,0,0,4
2362.0,3,2,0,0,5
2363.0,3,2,0,0,5
2364.0,3,2,0,0,5
2365.0,4,3,0,0,7
2366.0,4,4,0,0,8
2367.0,4,4,0,0,8
2368.0,4,4,0,0,8
2369.0,5,4,0,0,9
2370.0,5,4,0,0,9
2371.0,6,5,0,0,11
2372.0,6,5,0,0,11
2373.0,6,5,0,0,11
2374.0,6,5,0,0,11
2375.0,6,5,0,0,11
2376.0,6,5,0,0,11
2377.0,6,5,0,0,11
2378.0,6,5,0,0,11
2379.0,6,5,0,0,11
2380.0,6,5,0,0,11
2381.0,7,6,0,0,13
2382.0,7,6,0,0,13
2383.0,7,6,0,0,13
2384.0,7,6,0,0,13
2385.0,7,6,0,0,13
2386.0,5,4,0,0,9
2387.0,3,2,0,0,5
2388.0,1,0,0,0,1
2389.0,0,0,0,0,0
2390.0,0,0,0,0,0
2391.0,0,0,0,0,0
2392.0,0,0,0,0,0
2393.0,0,0,0,0,0
2394.0,0,1,0,0,1
2395.0,0,1,0,0,1
2396.0,0,1,1,0,2
2397.0,0,1,1,1,3
2398.0,0,1,1,1,3
2399.0,0,1,1,1,3
2400.0,0,1,1,1,3
2401.0,0,0,1,1,2
2402.0,0,0,1,1,2
2403.0,0,0,1,1,2
2404.0,0,0,1,1,2
2405.0,0,0,1,1,2
2406.0,0,0,1,1,2
2407.0,0,0,1,1,2
2408.0,0,0,1,1,2
2409.0,0,0,1,1,2
2410.0,0,0,1,1,2
2411.0,0,0,1,1,2
2412.0,0,0,1,1,2
2413.0,0,0,1,1,2
2414.0,0,0,1,1,2
2415.0,0,0,1,1,2
2416.0,0,0,1,1,2
2417.0,0,0,1,1,2
2418.0,0,0,1,1,2
2419.0,0,0,1,1,2
2420.0,0,0,1,1,2
2421.0,0,0,1,1,2
2422.0,0,0,1,1,2
2423.0,0,0,1,1,2
2424.0,0,0,1,1,2
2425.0,0,0,1,1,2
2426.0,0,0,2,1,3
2427.0,0,0,2,1,3
2428.0,0,0,2,2,4
2429.0,0,0,3,2,5
2430.0,0,0,3,3,6
2431.0,0,0,1,1,2
2432.0,0,0,0,0,0
2433.0,0,1,0,0,1
2434.0,0,1,0,0,1
2435.0,0,1,0,0,1
2436.0,0,1,0,0,1
2437.0,1,1,0,0,2
2438.0,1,1,0,0,2
2439.0,1,1,0,0,2
2440.0,1,1,0,0,2
2441.0,1,1,0,0,2
2442.0,1,1,0,0,2
2443.0,1,1,0,0,2
2444.0,1,2,0,0,3
2445.0,2,2,0,0,4
2446.0,2,2,0,0,4
2447.0,2,2,0,0,4
2448.0,2,2,0,0,4
2449.0,2,2,0,0,4
2450.0,2,2,0,0,4
2451.0,2,2,0,0,4
2452.0,2,2,0,0,4
2453.0,2,3,0,0,5
2454.0,2,3,0,0,5
2455.0,3,4,0,0,7
2456.0,3,4,0,0,7
2457.0,4,4,0,0,8
2458.0,4,4,0,0,8
2459.0,4,4,0,0,8
2460.0,4,4,0,0,8
2461.0,4,4,0,0,8
2462.0,4,4,0,0,8
2463.0,4,5,0,0,9
2464.0,4,5,0,0,9
2465.0,5,5,0,0,10
2466.0,5,5,0,0,10
2467.0,5,5,0,0,10
2468.0,5,5,0,0,10
2469.0,5,5,0,0,10
2470.0,5,5,0,0,10
2471.0,5,5,0,0,10
2472.0,5,5,0,0,10
2473.0,5,5,0,0,10
2474.0,5,6,0,0,11
2475.0,5,6,0,0,11
2476.0,3,4,0,0,7
2477.0,1,2,0,0,3
2478.0,0,0,0,0,0
2479.0,0,0,0,0,0
2480.0,0,0,0,0,0
2481.0,0,0,0,0,0
2482.0,0,0,0,0,0
2483.0,0,0,0,0,0
2484.0,0,0,0,0,0
2485.0,0,0,0,0,0
2486.0,0,0,1,0,1
2487.0,0,0,1,0,1
2488.0,0,0,1,0,1
2489.0,0,0,1,1,2
2490.0,0,0,1,1,2
2491.0,0,0,1,1,2
2492.0,0,0,1,1,2
2493.0,0,0,1,1,2
2494.0,0,0,1,1,2
2495.0,0,0,1,1,2
2496.0,0,0,1,1,2
2497.0,0,0,1,1,2
2498.0,0,0,1,1,2
2499.0,0,0,1,1,2
2500.0,0,0,1,1,2
2501.0,0,0,1,1,2
2502.0,0,0,1,1,2
2503.0,0,0,1,1,2
2504.0,0,0,1,1,2
2505.0,0,0,1,1,2
2506.0,0,0,1,1,2
2507.0,0,0,1,1,2
2508.0,0,0,1,1,2
2509.0,0,0,1,1,2
2510.0,0,0,1,1,2
2511.0,0,0,1,1,2
2512.0,0,0,1,1,2
2513.0,0,0,1,1,2
2514.0,0,0,1,1,2
2515.0,0,0,1,2,3
2516.0,0,0,2,2,4
2517.0,0,0,2,2,4
2518.0,0,0,2,2,4
2519.0,0,0,2,2,4
2520.0,0,0,2,2,4
2521.0,0,0,0,0,0
2522.0,0,0,0,0,0
2523.0,0,0,0,0,0
2524.0,0,0,0,0,0
2525.0,0,0,0,0,0
2526.0,0,0,0,0,0
2527.0,0,0,0,0,0
2528.0,0,0,0,0,0
2529.0,1,0,0,0,1
2530.0,1,0,0,0,1
2531.0,1,1,0,0,2
2532.0,1,1,0,0,2
2533.0,1,1,0,0,2
2534.0,1,1,0,0,2
2535.0,1,1,0,0,2
2536.0,1,2,0,0,3
2537.0,1,2,0,0,3
2538.0,1,2,0,0,3
2539.0,2,2,0,0,4
2540.0,2,2,0,0,4
2541.0,2,2,0,0,4
2542.0,2,2,0,0,4
2543.0,2,2,0,0,4
2544.0,2,2,0,0,4
2545.0,2,3,0,0,5
2546.0,2,3,0,0,5
2547.0,3,4,0,0,7
2548.0,4,4,0,0,8
2549.0,4,4,0,0,8
2550.0,4,4,0,0,8
2551.0,5,5,0,0,10
2552.0,5,5,0,0,10
2553.0,5,5,0,0,10
2554.0,5,6,0,0,11
2555.0,5,6,0,0,11
2556.0,6,5,0,0,11
2557.0,6,5,0,0,11
2558.0,6,5,0,0,11
2559.0,6,5,0,0,11
2560.0,6,6,0,0,12
2561.0,6,6,0,0,12
2562.0,6,6,0,0,12
2563.0,6,6,0,0,12
2564.0,7,6,0,0,13
2565.0,7,6,0,0,13
2566.0,5,4,0,0,9
2567.0,3,3,0,0,6
2568.0,1,1,0,0,2
2569.0,0,0,0,0,0
2570.0,0,0,0,0,0
2571.0,0,0,0,0,0
2572.0,0,0,0,0,0
2573.0,1,0,0,0,1
2574.0,0,0,0,0,0
2575.0,0,1,0,0,1
2576.0,0,1,0,0,1
2577.0,0,1,0,1,2
2578.0,0,0,0,1,1
2579.0,1,0,1,1,3
2580.0,1,0,1,1,3
2581.0,0,0,1,1,2
2582.0,0,0,1,1,2
2583.0,0,0,1,1,2
2584.0,0,0,1,1,2
2585.0,0,0,1,1,2
2586.0,0,0,1,1,2
2587.0,0,0,1,1,2
2588.0,1,0,1,1,3
2589.0,1,0,1,1,3
2590.0,0,0,1,1,2
2591.0,0,0,1,1,2
2592.0,0,0,1,1,2
2593.0,0,0,1,1,2
2594.0,0,0,1,1,2
2595.0,0,0,1,1,2
2596.0,0,0,1,1,2
2597.0,0,0,1,1,2
2598.0,0,0,1,1,2
2599.0,0,0,1,1,2
2600.0,0,0,1,1,2
2601.0,0,0,1,1,2
2602.0,0,0,1,1,2
2603.0,0,0,1,1,2
2604.0,0,0,1,1,2
2605.0,0,0,1,1,2
2606.0,0,0,1,1,2
2607.0,0,0,1,2,3
2608.0,0,0,1,2,3
2609.0,0,0,1,2,3
2610.0,0,0,1,2,3
2611.0,0,0,0,0,0
2612.0,0,0,0,0,0
2613.0,0,0,0,0,0
2614.0,0,0,0,0,0
2615.0,0,0,0,0,0
2616.0,0,0,0,0,0
2617.0,0,0,0,0,0
2618.0,1,0,0,0,1
2619.0,1,0,0,0,1
2620.0,1,1,0,0,2
2621.0,1,1,0,0,2
2622.0,1,1,0,0,2
2623.0,1,1,0,0,2
2624.0,1,1,0,0,2
2625.0,1,1,0,0,2
2626.0,1,1,0,0,2
2627.0,1,1,0,0,2
2628.0,1,1,0,0,2
2629.0,2,1,0,0,3
2630.0,2,2,0,0,4
2631.0,2,2,0,0,4
2632.0,2,2,0,0,4
2633.0,2,2,0,0,4
2634.0,2,2,0,0,4
2635.0,3,2,0,0,5
2636.0,3,2,0,0,5
2637.0,3,3,0,0,6
2638.0,3,4,0,0,7
2639.0,4,4,0,0,8
2640.0,4,4,0,0,8
2641.0,4,4,0,0,8
2642.0,4,4,0,0,8
2643.0,4,4,0,0,8
2644.0,4,4,0,0,8
2645.0,4,4,0,0,8
2646.0,4,4,0,0,8
2647.0,4,4,0,0,8
2648.0,5,4,0,0,9
2649.0,5,4,0,0,9
2650.0,5,5,0,0,10
2651.0,5,5,0,0,10
2652.0,5,5,0,0,10
2653.0,5,5,0,0,10
2654.0,5,5,0,0,10
2655.0,5,5,0,0,10
2656.0,3,3,0,0,6
2657.0,1,1,0,0,2
2658.0,0,0,0,0,0
2659.0,0,0,0,0,0
2660.0,0,0,0,0,0
2661.0,0,0,0,0,0
2662.0,0,0,0,0,0
2663.0,0,0,0,0,0
2664.0,0,0,0,0,0
2665.0,0,0,1,0,1
2666.0,0,0,2,0,2
2667.0,0,0,2,1,3
2668.0,0,0,2,2,4
2669.0,0,0,2,2,4
2670.0,0,0,2,2,4
2671.0,0,0,2,2,4
2672.0,0,0,2,2,4
2673.0,0,0,2,2,4
2674.0,0,0,2,2,4
2675.0,0,0,2,2,4
2676.0,0,0,2,2,4
2677.0,0,0,2,2,4
2678.0,0,0,2,2,4
2679.0,0,0,2,2,4
2680.0,0,0,2,2,4
2681.0,0,0,2,2,4
2682.0,0,0,2,2,4
2683.0,0,0,2,2,4
2684.0,0,0,2,2,4
2685.0,0,0,2,2,4
2686.0,0,0,2,2,4
2687.0,0,0,2,2,4
2688.0,0,0,2,2,4
2689.0,0,0,2,2,4
2690.0,0,0,2,2,4
2691.0,0,0,2,2,4
2692.0,0,0,2,2,4
2693.0,0,0,2,2,4
2694.0,0,0,2,2,4
2695.0,0,0,3,2,5
2696.0,0,0,3,3,6
2697.0,0,0,3,3,6
2698.0,0,0,3,3,6
2699.0,0,0,3,3,6
2700.0,0,0,3,3,6
2701.0,0,0,1,1,2
2702.0,0,0,0,0,0
2703.0,0,0,0,0,0
2704.0,0,0,0,0,0
2705.0,0,0,0,1,1
2706.0,0,0,0,0,0
2707.0,0,0,0,0,0
2708.0,0,0,0,0,0
2709.0,0,0,0,0,0
2710.0,0,0,0,0,0
2711.0,1,1,0,0,2
2712.0,1,2,0,0,3
2713.0,1,2,0,0,3
2714.0,1,2,0,0,3
2715.0,1,2,0,0,3
2716.0,1,2,0,0,3
2717.0,1,2,0,0,3
2718.0,1,2,0,0,3
2719.0,1,2,0,0,3
2720.0,1,2,0,0,3
2721.0,1,3,0,0,4
2722.0,2,3,0,0,5
2723.0,2,3,0,0,5
2724.0,2,3,0,0,5
2725.0,2,3,0,0,5
2726.0,3,4,0,0,7
2727.0,3,4,0,0,7
2728.0,3,4,0,0,7
2729.0,4,5,0,0,9
2730.0,5,5,0,0,10
2731.0,5,6,0,0,11
2732.0,5,6,0,0,11
2733.0,5,6,0,0,11
2734.0,5,6,0,0,11
2735.0,5,6,0,0,11
2736.0,5,6,0,0,11
2737.0,5,6,0,0,11
2738.0,5,6,0,0,11
2739.0,5,6,0,0,11
2740.0,5,7,0,0,12
2741.0,6,7,0,0,13
2742.0,6,7,0,0,13
2743.0,6,7,0,0,13
2744.0,6,7,0,0,13
2745.0,6,7,0,0,13
2746.0,4,5,0,0,9
2747.0,2,3,0,0,5
2748.0,0,1,0,0,1
2749.0,0,0,0,0,0
2750.0,0,0,0,0,0
2751.0,0,0,0,0,0
2752.0,0,0,0,0,0
2753.0,0,0,0,0,0
2754.0,1,1,0,0,2
2755.0,1,1,1,0,3
2756.0,1,1,1,1,4
2757.0,0,1,1,1,3
2758.0,0,1,1,1,3
2759.0,0,0,1,1,2
2760.0,0,0,1,1,2
2761.0,0,0,1,1,2
2762.0,0,0,1,1,2
2763.0,0,0,1,1,2
2764.0,0,0,1,1,2
2765.0,0,0,1,1,2
2766.0,0,0,1,1,2
2767.0,0,0,1,1,2
2768.0,0,0,1,1,2
2769.0,0,0,1,1,2
2770.0,0,0,1,1,2
2771.0,0,0,1,1,2
2772.0,0,0,1,1,2
2773.0,0,0,1,1,2
2774.0,0,0,1,1,2
2775.0,0,0,1,1,2
2776.0,0,0,1,1,2
2777.0,0,0,1,1,2
2778.0,0,0,1,1,2
2779.0,0,0,1,1,2
2780.0,0,0,1,1,2
2781.0,0,0,1,1,2
2782.0,0,0,1,1,2
2783.0,0,0,1,1,2
2784.0,0,0,1,1,2
2785.0,0,0,1,1,2
2786.0,0,0,1,1,2
2787.0,0,0,1,1,2
2788.0,0,0,2,2,4
2789.0,0,0,2,3,5
2790.0,0,0,3,3,6
2791.0,0,0,1,1,2
2792.0,0,0,0,0,0
2793.0,1,0,0,0,1
2794.0,1,1,0,0,2
2795.0,1,1,0,0,2
2796.0,1,1,0,0,2
2797.0,1,1,0,0,2
2798.0,1,1,0,0,2
2799.0,1,1,0,0,2
2800.0,1,1,0,0,2
2801.0,1,1,0,0,2
2802.0,1,1,0,0,2
2803.0,2,1,0,0,3
2804.0,2,1,0,0,3
2805.0,2,2,0,0,4
2806.0,2,2,0,0,4
2807.0,2,2,0,0,4
2808.0,2,2,0,0,4
2809.0,2,2,0,0,4
2810.0,2,2,0,0,4
2811.0,2,2,0,0,4
2812.0,2,2,0,0,4
2813.0,3,3,0,0,6
2814.0,3,3,0,0,6
2815.0,3,4,0,0,7
2816.0,3,4,0,0,7
2817.0,3,4,0,0,7
2818.0,4,4,0,0,8
2819.0,4,4,0,0,8
2820.0,4,4,0,0,8
2821.0,4,4,0,0,8
2822.0,4,4,0,0,8
2823.0,5,4,0,0,9
2824.0,5,4,0,0,9
2825.0,5,5,0,0,10
2826.0,5,5,0,0,10
2827.0,5,5,0,0,10
2828.0,5,5,0,0,10
2829.0,5,5,0,0,10
2830.0,5,5,0,0,10
2831.0,5,5,0,0,10
2832.0,5,5,0,0,10
2833.0,5,5,0,0,10
2834.0,5,6,0,0,11
2835.0,6,6,0,0,12
2836.0,4,4,0,0,8
2837.0,2,2,0,0,4
2838.0,0,0,0,0,0
2839.0,0,0,0,0,0
2840.0,0,0,0,0,0
2841.0,0,0,0,0,0
2842.0,0,0,0,0,0
2843.0,0,0,0,0,0
2844.0,0,0,0,0,0
2845.0,0,0,0,0,0
2846.0,0,0,0,1,1
2847.0,0,0,0,1,1
2848.0,0,0,1,1,2
2849.0,0,0,1,1,2
2850.0,0,0,1,1,2
2851.0,0,0,1,1,2
2852.0,0,0,1,1,2
2853.0,0,0,1,1,2
2854.0,0,0,1,1,2
2855.0,0,0,1,1,2
2856.0,0,0,1,1,2
2857.0,0,0,1,1,2
2858.0,0,0,1,1,2
2859.0,0,0,1,1,2
2860.0,0,0,1,1,2
2861.0,0,0,1,1,2
2862.0,0,0,1,1,2
2863.0,0,0,1,1,2
2864.0,0,0,1,1,2
2865.0,0,0,1,1,2
2866.0,0,0,1,1,2
2867.0,0,0,1,1,2
2868.0,0,0,1,1,2
2869.0,0,0,1,1,2
2870.0,0,0,1,1,2
2871.0,0,0,1,1,2
2872.0,0,0,1,1,2
2873.0,0,0,1,1,2
2874.0,0,0,1,1,2
2875.0,0,0,1,1,2
2876.0,0,0,1,1,2
2877.0,0,0,2,1,3
2878.0,0,0,2,1,3
2879.0,0,0,2,1,3
2880.0,0,0,2,1,3
2881.0,0,0,0,0,0
2882.0,0,0,0,0,0
2883.0,0,0,0,0,0
2884.0,0,0,0,0,0
2885.0,0,0,0,0,0
2886.0,1,0,0,0,1
2887.0,1,0,0,0,1
2888.0,1,1,0,0,2
2889.0,1,1,0,0,2
2890.0,1,1,0,0,2
2891.0,1,1,0,0,2
2892.0,1,1,0,0,2
2893.0,1,1,0,0,2
2894.0,1,1,0,0,2
2895.0,1,2,0,0,3
2896.0,1,2,0,0,3
2897.0,1,2,0,0,3
2898.0,2,2,0,0,4
2899.0,2,2,0,0,4
2900.0,2,2,0,0,4
2901.0,2,2,0,0,4
2902.0,2,2,0,0,4
2903.0,2,2,0,0,4
2904.0,2,2,0,0,4
2905.0,2,2,0,0,4
2906.0,2,3,0,0,5
2907.0,3,4,0,0,7
2908.0,4,5,0,0,9
2909.0,5,5,0,0,10
2910.0,5,5,0,0,10
2911.0,5,5,0,0,10
2912.0,5,5,0,0,10
2913.0,5,5,0,0,10
2914.0,5,5,0,0,10
2915.0,6,6,0,0,12
2916.0,6,6,0,0,12
2917.0,6,6,0,0,12
2918.0,6,6,0,0,12
2919.0,6,6,0,0,12
2920.0,6,6,0,0,12
2921.0,6,6,0,0,12
2922.0,6,6,0,0,12
2923.0,6,6,0,0,12
2924.0,6,6,0,0,12
2925.0,6,7,0,0,13
2926.0,5,5,0,0,10
2927.0,3,3,0,0,6
2928.0,1,1,0,0,2
2929.0,0,0,0,0,0
2930.0,0,0,0,0,0
2931.0,0,0,0,0,0
2932.0,0,0,0,0,0
2933.0,1,0,0,0,1
2934.0,1,1,0,0,2
2935.0,1,1,0,0,2
2936.0,1,1,1,1,4
2937.0,1,1,1,1,4
2938.0,1,1,1,1,4
2939.0,0,0,1,1,2
2940.0,0,0,1,1,2
2941.0,0,0,1,1,2
2942.0,0,0,1,1,2
2943.0,0,0,1,1,2
2944.0,0,0,1,1,2
2945.0,0,0,1,1,2
2946.0,0,0,1,1,2
2947.0,0,0,1,1,2
2948.0,0,0,1,1,2
2949.0,0,0,1,1,2
2950.0,0,0,1,1,2
2951.0,0,0,1,1,2
2952.0,0,0,1,1,2
2953.0,0,0,1,1,2
2954.0,0,0,1,1,2
2955.0,0,0,1,1,2
2956.0,0,0,1,1,2
2957.0,0,0,1,1,2
2958.0,0,0,1,1,2
2959.0,0,0,1,1,2
2960.0,0,0,1,1,2
2961.0,0,0,1,1,2
2962.0,0,0,1,1,2
2963.0,0,0,1,1,2
2964.0,0,0,1,1,2
2965.0,0,0,1,1,2
2966.0,0,0,1,2,3
2967.0,0,0,2,2,4
2968.0,0,0,2,2,4
2969.0,0,0,2,2,4
2970.0,0,0,2,2,4
2971.0,0,0,0,0,0
2972.0,0,0,0,0,0
2973.0,0,0,0,0,0
2974.0,0,0,0,0,0
2975.0,0,0,0,0,0
2976.0,0,0,0,0,0
2977.0,0,0,0,0,0
2978.0,0,0,0,0,0
2979.0,0,1,0,0,1
2980.0,1,1,0,0,2
2981.0,1,1,0,0,2
2982.0,1,1,0,0,2
2983.0,1,1,0,0,2
2984.0,1,1,0,0,2
2985.0,1,1,0,0,2
2986.0,1,1,0,0,2
2987.0,1,1,0,0,2
2988.0,2,1,0,0,3
2989.0,2,2,0,0,4
2990.0,2,2,0,0,4
2991.0,2,2,0,0,4
2992.0,2,2,0,0,4
2993.0,2,2,0,0,4
2994.0,2,2,0,0,4
2995.0,2,2,0,0,4
2996.0,2,3,0,0,5
2997.0,3,3,0,0,6
2998.0,3,3,0,0,6
2999.0,4,3,0,0,7
3000.0,4,3,0,0,7
3001.0,4,4,0,0,8
3002.0,4,4,0,0,8
3003.0,4,4,0,0,8
3004.0,4,4,0,0,8
3005.0,4,4,0,0,8
3006.0,4,4,0,0,8
3007.0,4,4,0,0,8
3008.0,5,5,0,0,10
3009.0,5,5,0,0,10
3010.0,5,5,0,0,10
3011.0,5,5,0,0,10
3012.0,5,5,0,0,10
3013.0,5,5,0,0,10
3014.0,5,5,0,0,10
3015.0,5,5,0,0,10
3016.0,3,3,0,0,6
3017.0,1,1,0,0,2
3018.0,0,0,0,0,0
3019.0,0,0,0,0,0
3020.0,0,0,0,0,0
3021.0,0,0,0,0,0
3022.0,0,0,0,0,0
3023.0,0,0,0,0,0
3024.0,0,0,0,0,0
3025.0,0,0,0,0,0
3026.0,0,0,1,0,1
3027.0,0,0,2,2,4
3028.0,0,0,2,2,4
3029.0,0,0,2,2,4
3030.0,0,0,2,2,4
3031.0,0,0,2,2,4
3032.0,0,0,2,2,4
3033.0,0,0,2,2,4
3034.0,0,0,2,2,4
3035.0,0,0,2,2,4
3036.0,0,0,2,2,4
3037.0,0,0,2,2,4
3038.0,0,0,2,2,4
3039.0,0,0,2,2,4
3040.0,0,0,2,2,4
3041.0,0,0,2,2,4
3042.0,0,0,2,2,4
3043.0,0,0,2,2,4
3044.0,0,0,2,2,4
3045.0,0,0,2,2,4
3046.0,0,0,2,2,4
3047.0,0,0,2,2,4
3048.0,0,0,2,2,4
3049.0,0,0,2,2,4
3050.0,0,0,2,2,4
3051.0,0,0,2,2,4
3052.0,0,0,2,2,4
3053.0,0,0,2,2,4
3054.0,0,0,2,2,4
3055.0,0,0,2,2,4
3056.0,0,0,3,2,5
3057.0,0,0,3,3,6
3058.0,0,0,3,3,6
3059.0,0,0,3,3,6
3060.0,0,0,3,3,6
3061.0,0,0,1,1,2
3062.0,0,0,0,0,0
3063.0,0,0,0,0,0
3064.0,0,0,0,0,0
3065.0,0,0,0,0,0
3066.0,0,0,0,0,0
3067.0,0,0,0,0,0
3068.0,0,0,0,0,0
3069.0,0,0,0,0,0
3070.0,0,0,0,0,0
3071.0,0,0,0,0,0
3072.0,1,0,0,0,1
3073.0,1,1,0,0,2
3074.0,1,1,0,0,2
3075.0,1,1,0,0,2
3076.0,1,1,0,0,2
3077.0,1,1,0,0,2
3078.0,1,1,0,0,2
3079.0,1,1,0,0,2
3080.0,1,1,0,0,2
3081.0,2,1,0,0,3
3082.0,2,1,0,0,3
3083.0,2,1,0,0,3
3084.0,2,2,0,0,4
3085.0,3,2,0,0,5
3086.0,3,2,0,0,5
3087.0,3,2,0,0,5
3088.0,3,2,0,0,5
3089.0,4,2,0,0,6
3090.0,4,3,0,0,7
3091.0,4,4,0,0,8
3092.0,4,5,0,0,9
3093.0,4,5,0,0,9
3094.0,4,5,0,0,9
3095.0,4,5,0,0,9
3096.0,5,5,0,0,10
3097.0,5,5,0,0,10
3098.0,5,5,0,0,10
3099.0,5,5,0,0,10
3100.0,5,5,0,0,10
3101.0,6,5,0,0,11
3102.0,6,6,0,0,12
3103.0,6,6,0,0,12
3104.0,6,6,0,0,12
3105.0,6,6,0,0,12
3106.0,4,4,0,0,8
3107.0,2,2,0,0,4
3108.0,0,0,0,0,0
3109.0,0,0,0,0,0
3110.0,0,0,0,0,0
3111.0,0,0,0,0,0
3112.0,0,0,0,0,0
3113.0,0,1,0,0,1
3114.0,1,1,0,0,2
3115.0,1,0,0,1,2
3116.0,1,0,0,1,2
3117.0,0,0,0,1,1
3118.0,0,0,0,1,1
3119.0,0,0,0,1,1
3120.0,0,0,0,1,1
3121.0,0,0,0,1,1
3122.0,0,1,0,1,2
3123.0,1,0,1,1,3
3124.0,0,0,1,1,2
3125.0,0,0,1,1,2
3126.0,0,0,1,1,2
3127.0,0,0,1,1,2
3128.0,0,0,1,1,2
3129.0,0,0,1,1,2
3130.0,0,0,1,1,2
3131.0,0,0,1,1,2
3132.0,0,0,1,1,2
3133.0,0,0,1,1,2
3134.0,0,0,1,1,2
3135.0,0,0,1,1,2
3136.0,0,0,1,1,2
3137.0,0,0,1,1,2
3138.0,0,0,1,1,2
3139.0,0,0,1,1,2
3140.0,0,0,1,1,2
3141.0,0,0,1,1,2
3142.0,0,0,1,1,2
3143.0,0,0,1,1,2
3144.0,0,0,1,1,2
3145.0,0,0,1,1,2
3146.0,0,0,2,1,3
3147.0,0,0,2,2,4
3148.0,0,0,2,2,4
3149.0,0,0,2,2,4
3150.0,0,0,3,3,6
3151.0,0,0,1,1,2
3152.0,0,0,0,0,0
3153.0,1,1,0,0,2
3154.0,1,1,0,0,2
3155.0,1,1,0,0,2
3156.0,1,1,0,0,2
3157.0,1,1,0,0,2
3158.0,1,1,0,0,2
3159.0,1,1,0,0,2
3160.0,1,1,0,0,2
3161.0,1,1,0,0,2
3162.0,1,1,0,0,2
3163.0,1,1,0,0,2
3164.0,1,2,0,0,3
3165.0,2,2,0,0,4
3166.0,2,2,0,0,4
3167.0,2,2,0,0,4
3168.0,2,2,0,0,4
3169.0,2,2,0,0,4
3170.0,2,2,0,0,4
3171.0,2,2,0,0,4
3172.0,2,2,0,0,4
3173.0,2,2,0,0,4
3174.0,2,2,0,0,4
3175.0,2,2,0,0,4
3176.0,3,2,0,0,5
3177.0,4,3,0,0,7
3178.0,4,3,0,0,7
3179.0,4,4,0,0,8
3180.0,4,4,0,0,8
3181.0,4,4,0,0,8
3182.0,4,4,0,0,8
3183.0,4,4,0,0,8
3184.0,4,4,0,0,8
3185.0,5,4,0,0,9
3186.0,5,5,0,0,10
3187.0,5,5,0,0,10
3188.0,5,5,0,0,10
3189.0,5,5,0,0,10
3190.0,5,5,0,0,10
3191.0,5,5,0,0,10
3192.0,5,5,0,0,10
3193.0,5,5,0,0,10
3194.0,6,6,0,0,12
3195.0,6,6,0,0,12
3196.0,4,4,0,0,8
3197.0,2,2,0,0,4
3198.0,0,0,0,0,0
3199.0,0,0,0,0,0
3200.0,0,0,0,0,0
3201.0,0,0,0,0,0
3202.0,0,0,0,0,0
3203.0,0,0,0,0,0
3204.0,0,0,0,0,0
3205.0,0,0,1,0,1
3206.0,0,0,1,1,2
3207.0,0,0,1,1,2
3208.0,0,0,1,1,2
3209.0,0,0,1,1,2
3210.0,0,0,1,1,2
3211.0,0,0,1,1,2
3212.0,0,0,1,1,2
3213.0,0,0,1,1,2
3214.0,0,0,1,1,2
3215.0,0,0,1,1,2
3216.0,0,0,1,1,2
3217.0,0,0,1,1,2
3218.0,0,0,1,1,2
3219.0,0,0,1,1,2
3220.0,0,0,1,1,2
3221.0,0,0,1,1,2
3222.0,0,0,1,1,2
3223.0,0,0,1,1,2
3224.0,0,0,1,1,2
3225.0,0,0,1,1,2
3226.0,0,0,1,1,2
3227.0,0,0,1,1,2
3228.0,0,0,1,1,2
3229.0,0,0,1,1,2
3230.0,0,0,1,1,2
3231.0,0,0,1,1,2
3232.0,0,0,1,1,2
3233.0,0,0,1,1,2
3234.0,0,0,1,1,2
3235.0,0,0,2,1,3
3236.0,0,0,2,1,3
3237.0,0,0,2,1,3
3238.0,0,0,2,2,4
3239.0,0,0,2,2,4
3240.0,0,0,2,2,4
3241.0,0,0,0,0,0
3242.0,0,0,0,0,0
3243.0,0,0,0,0,0
3244.0,0,0,0,0,0
3245.0,0,0,0,0,0
3246.0,0,0,0,0,0
3247.0,0,1,0,0,1
3248.0,0,1,0,0,1
3249.0,1,1,0,0,2
3250.0,1,1,0,0,2
3251.0,1,1,0,0,2
3252.0,1,1,0,0,2
3253.0,1,1,0,0,2
3254.0,1,1,0,0,2
3255.0,1,1,0,0,2
3256.0,1,2,0,0,3
3257.0,1,2,0,0,3
3258.0,1,2,0,0,3
3259.0,1,2,0,0,3
3260.0,2,2,0,0,4
3261.0,2,2,0,0,4
3262.0,2,2,0,0,4
3263.0,2,2,0,0,4
3264.0,2,2,0,0,4
3265.0,2,3,0,0,5
3266.0,2,3,0,0,5
3267.0,3,4,0,0,7
3268.0,3,5,0,0,8
3269.0,4,5,0,0,9
3270.0,5,5,0,0,10
3271.0,5,5,0,0,10
3272.0,5,5,0,0,10
3273.0,5,5,0,0,10
3274.0,5,5,0,0,10
3275.0,5,5,0,0,10
3276.0,5,6,0,0,11
3277.0,5,6,0,0,11
3278.0,6,6,0,0,12
3279.0,6,6,0,0,12
3280.0,6,6,0,0,12
3281.0,6,6,0,0,12
3282.0,6,6,0,0,12
3283.0,6,6,0,0,12
3284.0,6,6,0,0,12
3285.0,6,7,0,0,13
3286.0,4,5,0,0,9
3287.0,2,3,0,0,5
3288.0,0,1,0,0,1
3289.0,0,0,0,0,0
3290.0,0,0,0,0,0
3291.0,0,0,0,0,0
3292.0,0,0,0,0,0
3293.0,0,0,0,0,0
3294.0,1,1,0,0,2
3295.0,1,1,0,0,2
3296.0,1,1,0,0,2
3297.0,1,1,1,1,4
3298.0,0,1,1,1,3
3299.0,0,1,1,1,3
3300.0,0,0,1,1,2
3301.0,0,0,1,1,2
3302.0,0,0,1,1,2
3303.0,0,0,1,1,2
3304.0,0,0,1,1,2
3305.0,0,0,1,1,2
3306.0,0,0,1,1,2
3307.0,0,0,1,1,2
3308.0,0,0,1,1,2
3309.0,0,0,1,1,2
3310.0,0,0,1,1,2
3311.0,0,0,1,1,2
3312.0,0,0,1,1,2
3313.0,0,0,1,1,2
3314.0,0,0,1,1,2
3315.0,0,0,1,1,2
3316.0,0,0,1,1,2
3317.0,0,0,1,1,2
3318.0,0,0,1,1,2
3319.0,0,0,1,1,2
3320.0,0,0,1,1,2
3321.0,0,0,1,1,2
3322.0,0,0,1,1,2
3323.0,0,0,1,1,2
3324.0,0,0,1,1,2
3325.0,0,0,1,1,2
3326.0,0,0,1,1,2
3327.0,0,0,2,2,4
3328.0,0,0,2,2,4
3329.0,0,0,2,2,4
3330.0,0,0,2,2,4
3331.0,0,0,0,0,0
3332.0,0,0,0,0,0
3333.0,0,0,0,0,0
3334.0,0,0,0,0,0
3335.0,0,0,0,0,0
3336.0,0,0,0,0,0
3337.0,0,0,0,0,0
3338.0,0,0,0,0,0
3339.0,0,0,0,0,0
3340.0,0,0,0,0,0
3341.0,1,0,0,0,1
3342.0,1,1,0,0,2
3343.0,1,1,0,0,2
3344.0,1,1,0,0,2
3345.0,1,1,0,0,2
3346.0,1,1,0,0,2
3347.0,1,1,0,0,2
3348.0,1,1,0,0,2
3349.0,2,1,0,0,3
3350.0,2,1,0,0,3
3351.0,2,2,0,0,4
3352.0,2,2,0,0,4
3353.0,2,2,0,0,4
3354.0,2,2,0,0,4
3355.0,2,2,0,0,4
3356.0,2,2,0,0,4
3357.0,2,2,0,0,4
3358.0,3,3,0,0,6
3359.0,3,4,0,0,7
3360.0,4,4,0,0,8
3361.0,4,4,0,0,8
3362.0,4,4,0,0,8
3363.0,4,4,0,0,8
3364.0,4,4,0,0,8
3365.0,4,4,0,0,8
3366.0,4,4,0,0,8
3367.0,4,4,0,0,8
3368.0,4,5,0,0,9
3369.0,5,5,0,0,10
3370.0,5,5,0,0,10
3371.0,5,5,0,0,10
3372.0,5,5,0,0,10
3373.0,5,5,0,0,10
3374.0,5,5,0,0,10
3375.0,5,5,0,0,10
3376.0,3,3,0,0,6
3377.0,1,1,0,0,2
3378.0,0,0,0,0,0
3379.0,0,0,0,0,0
3380.0,0,0,0,0,0
3381.0,0,0,0,0,0
3382.0,0,0,0,0,0
3383.0,0,0,0,0,0
3384.0,0,0,0,0,0
3385.0,0,0,1,0,1
3386.0,0,0,2,2,4
3387.0,0,0,2,2,4
3388.0,0,0,2,2,4
3389.0,0,0,2,2,4
3390.0,0,0,2,2,4
3391.0,0,0,2,2,4
3392.0,0,0,2,2,4
3393.0,0,0,2,2,4
3394.0,0,0,2,2,4
3395.0,0,0,2,2,4
3396.0,0,0,2,2,4
3397.0,0,0,2,2,4
3398.0,0,0,2,2,4
3399.0,0,0,2,2,4
3400.0,0,0,2,2,4
3401.0,0,0,2,2,4
3402.0,0,0,2,2,4
3403.0,0,0,2,2,4
3404.0,0,0,2,2,4
3405.0,0,0,2,2,4
3406.0,0,0,2,2,4
3407.0,0,0,2,2,4
3408.0,0,0,2,2,4
3409.0,0,0,2,2,4
3410.0,0,0,2,2,4
3411.0,0,0,2,2,4
3412.0,0,0,2,2,4
3413.0,0,0,2,2,4
3414.0,0,0,2,2,4
3415.0,0,0,2,3,5
3416.0,0,0,2,3,5
3417.0,0,0,2,3,5
3418.0,0,0,3,3,6
3419.0,0,0,3,3,6
3420.0,0,0,3,3,6
3421.0,0,0,1,1,2
3422.0,0,1,0,0,1
3423.0,0,1,0,0,1
3424.0,0,1,0,0,1
3425.0,0,1,0,0,1
3426.0,0,1,0,1,2
3427.0,0,1,0,1,2
3428.0,0,1,0,0,1
3429.0,0,1,0,0,1
3430.0,0,1,0,0,1
3431.0,0,2,0,0,2
3432.0,1,2,0,0,3
3433.0,1,2,0,0,3
3434.0,1,2,0,0,3
3435.0,1,2,0,0,3
3436.0,1,2,0,0,3
3437.0,1,2,0,0,3
3438.0,1,2,0,0,3
3439.0,1,2,0,0,3
3440.0,1,2,0,0,3
3441.0,1,3,0,0,4
3442.0,2,3,0,0,5
3443.0,2,3,0,0,5
3444.0,2,3,0,0,5
3445.0,2,4,0,0,6
3446.0,4,4,0,0,8
3447.0,4,4,0,0,8
3448.0,4,4,0,0,8
3449.0,4,5,0,0,9
3450.0,4,5,0,0,9
3451.0,4,5,0,0,9
3452.0,4,5,0,0,9
3453.0,4,5,0,0,9
3454.0,4,6,0,0,10
3455.0,4,6,0,0,10
3456.0,5,6,0,0,11
3457.0,5,6,0,0,11
3458.0,5,6,0,0,11
3459.0,5,6,0,0,11
3460.0,5,6,0,0,11
3461.0,6,6,0,0,12
3462.0,6,7,0,0,13
3463.0,6,7,0,0,13
3464.0,6,7,0,0,13
3465.0,6,7,0,0,13
3466.0,4,5,0,0,9
3467.0,2,3,0,0,5
3468.0,0,1,0,0,1
3469.0,0,0,0,0,0
3470.0,0,0,0,0,0
3471.0,0,0,0,0,0
3472.0,0,0,0,0,0
3473.0,1,0,0,0,1
3474.0,1,1,0,0,2
3475.0,0,1,0,0,1
3476.0,0,1,0,1,2
3477.0,0,1,1,1,3
3478.0,0,1,1,1,3
3479.0,0,1,1,1,3
3480.0,0,1,1,1,3
3481.0,0,1,1,1,3
3482.0,0,0,1,1,2
3483.0,0,0,1,1,2
3484.0,0,0,1,1,2
3485.0,0,0,1,1,2
3486.0,0,0,1,1,2
3487.0,0,0,1,1,2
3488.0,0,0,1,1,2
3489.0,0,0,1,1,2
3490.0,0,0,1,1,2
3491.0,0,0,1,1,2
3492.0,0,0,1,1,2
3493.0,0,0,1,1,2
3494.0,0,0,1,1,2
3495.0,0,0,1,1,2
3496.0,0,0,1,1,2
3497.0,0,0,1,1,2
3498.0,0,0,1,1,2
3499.0,0,0,1,1,2
3500.0,0,0,1,1,2
3501.0,0,0,1,1,2
3502.0,0,0,1,1,2
3503.0,0,0,1,1,2
3504.0,0,0,1,1,2
3505.0,0,0,1,1,2
3506.0,0,0,1,1,2
3507.0,0,0,2,2,4
3508.0,0,0,2,3,5
3509.0,0,0,3,3,6
3510.0,0,0,3,3,6
3511.0,0,0,1,1,2
3512.0,0,0,0,0,0
3513.0,1,1,0,0,2
3514.0,1,1,0,0,2
3515.0,1,1,0,0,2
3516.0,1,1,0,0,2
3517.0,1,1,0,0,2
3518.0,1,1,0,0,2
3519.0,1,1,0,0,2
3520.0,1,1,0,0,2
3521.0,1,1,0,0,2
3522.0,1,1,0,0,2
3523.0,1,2,0,0,3
3524.0,2,2,0,0,4
3525.0,2,2,0,0,4
3526.0,2,2,0,0,4
3527.0,2,2,0,0,4
3528.0,2,2,0,0,4
3529.0,2,2,0,0,4
3530.0,2,2,0,0,4
3531.0,2,2,0,0,4
3532.0,2,2,0,0,4
3533.0,3,2,0,0,5
3534.0,3,3,0,0,6
3535.0,3,3,0,0,6
3536.0,4,4,0,0,8
3537.0,4,4,0,0,8
3538.0,4,4,0,0,8
3539.0,4,4,0,0,8
3540.0,4,4,0,0,8
3541.0,4,4,0,0,8
3542.0,4,4,0,0,8
3543.0,5,4,0,0,9
3544.0,5,4,0,0,9
3545.0,5,4,0,0,9
3546.0,5,5,0,0,10
3547.0,5,5,0,0,10
3548.0,5,5,0,0,10
3549.0,5,5,0,0,10
3550.0,5,5,0,0,10
3551.0,5,5,0,0,10
3552.0,5,5,0,0,10
3553.0,5,5,0,0,10
3554.0,6,5,0,0,11
3555.0,6,6,0,0,12
3556.0,4,4,0,0,8
3557.0,2,2,0,0,4
3558.0,0,0,0,0,0
3559.0,0,0,0,0,0
3560.0,0,0,0,0,0
3561.0,0,0,0,0,0
3562.0,0,0,0,0,0
3563.0,0,0,0,0,0
3564.0,0,0,0,0,0
3565.0,0,0,0,0,0
3566.0,0,0,0,1,1
3567.0,0,0,0,1,1
3568.0,0,0,1,1,2
3569.0,0,0,1,1,2
3570.0,0,0,1,1,2
3571.0,0,0,1,1,2
3572.0,0,0,1,1,2
3573.0,0,0,1,1,2
3574.0,0,0,1,1,2
3575.0,0,0,1,1,2
3576.0,0,0,1,1,2
3577.0,0,0,1,1,2
3578.0,0,0,1,1,2
3579.0,0,0,1,1,2
3580.0,0,0,1,1,2
3581.0,0,0,1,1,2
3582.0,0,0,1,1,2
3583.0,0,0,1,1,2
3584.0,0,0,1,1,2
3585.0,0,0,1,1,2
3586.0,0,0,1,1,2
3587.0,0,0,1,1,2
3588.0,0,0,1,1,2
3589.0,0,0,1,1,2
3590.0,0,0,1,1,2
3591.0,0,0,1,1,2
3592.0,0,0,1,1,2
3593.0,0,0,1,1,2
3594.0,0,0,1,1,2
3595.0,0,0,1,1,2
3596.0,0,0,2,2,4
3597.0,0,0,2,2,4
3598.0,0,0,2,2,4
3599.0,0,0,2,2,4
3600.0,0,0,2,2,4
3601.0,0,0,0,0,0
3602.0,0,0,0,0,0
3603.0,0,0,0,0,0
3604.0,0,0,0,0,0
3605.0,0,0,0,0,0
3606.0,0,0,0,0,0
3607.0,0,1,0,0,1
3608.0,1,1,0,0,2
3609.0,1,1,0,0,2
3610.0,1,1,0,0,2
3611.0,1,1,0,0,2
3612.0,1,1,0,0,2
3613.0,1,1,0,0,2
3614.0,1,1,0,0,2
3615.0,2,2,0,0,4
3616.0,2,2,0,0,4
3617.0,2,2,0,0,4
3618.0,2,2,0,0,4
3619.0,2,2,0,0,4
3620.0,2,2,0,0,4
3621.0,2,2,0,0,4
3622.0,2,2,0,0,4
3623.0,2,2,0,0,4
3624.0,2,2,0,0,4
3625.0,2,2,0,0,4
3626.0,2,2,0,0,4
3627.0,2,2,0,0,4
3628.0,2,2,0,0,4
3629.0,2,2,0,0,4
3630.0,2,2,0,0,4
3631.0,2,2,0,0,4
3632.0,2,2,0,0,4
3633.0,2,2,0,0,4
3634.0,2,2,0,0,4
3635.0,2,2,0,0,4
3636.0,2,2,0,0,4
3637.0,2,2,0,0,4
3638.0,2,2,0,0,4
3639.0,2,2,0,0,4
3640.0,2,2,0,0,4
3641.0,2,2,0,0,4
3642.0,2,2,0,0,4
3643.0,2,2,0,0,4
3644.0,2,2,0,0,4
3645.0,2,2,0,0,4
3646.0,0,0,0,0,0
3647.0,0,0,0,0,0
3648.0,0,0,0,0,0
3649.0,0,0,0,0,0
3650.0,0,0,0,0,0
3651.0,0,0,0,0,0
3652.0,0,0,0,0,0
3653.0,0,0,0,0,0
3654.0,0,0,0,0,0
3655.0,0,0,0,0,0
3656.0,0,0,0,0,0
3657.0,0,0,0,0,0
3658.0,0,0,0,0,0
3659.0,0,0,0,0,0
3660.0,0,0,0,0,0
3661.0,0,0,0,0,0
3662.0,0,0,0,0,0
3663.0,0,0,0,0,0
3664.0,0,0,0,0,0
3665.0,0,0,0,0,0
3666.0,0,0,0,0,0
3667.0,0,0,0,0,0
3668.0,0,0,0,0,0
3669.0,0,0,0,0,0
3670.0,0,0,0,0,0
3671.0,0,0,0,0,0
3672.0,0,0,0,0,0
3673.0,0,0,0,0,0
3674.0,0,0,0,0,0
